Index,Salary,Salary_Type,Location,Website,Scrape Date
Physical Therapist Assistant,45.00 - 50.00 Per hour ,Hourly,Dallas-Fort Worth,Glassdoor,2023-11-30
Physical Therapist Assistant,43.00 Per hour ,Hourly,"Mesquite, TX",Glassdoor,2023-11-30
Physical Therapist Assistant,28.00 - 34.00 Per hour ,Hourly,"Hurst, TX",Glassdoor,2023-11-30
Substance Abuse Counselor,18.00 - 20.00 Per hour ,Hourly,"Cleburne, TX",Glassdoor,2023-11-30
Registered Professional Land Surveyor - RPLS,85T - 1L ,Annually,"Fort Worth, TX",Glassdoor,2023-11-30
Physical Therapist Assistant,28.00 - 34.00 Per hour ,Hourly,"Kaufman, TX",Glassdoor,2023-11-30
Physical Therapist Assistant,45.00 - 60.00 Per hour ,Hourly,"Dallas, TX",Glassdoor,2023-11-30
Home Health Physical Therapist Assistant,70T - 1L ,Annually,Dallas-Fort Worth,Glassdoor,2023-11-30
Full-time RDH,40.00 - 44.00 Per hour ,Hourly,"Keller, TX",Glassdoor,2023-11-30
Police Patrol Officer,20.38 - 22.04 Per hour ,Hourly,"Tom Bean, TX",Glassdoor,2023-11-30
Lithotripsy Technologist,32.00 - 40.00 Per hour ,Hourly,Dallas-Fort Worth,Glassdoor,2023-11-30
Physical Therapist Assistant,25.00 - 28.00 Per hour ,Hourly,"Corsicana, TX",Glassdoor,2023-11-30
Clinical Audiologist,50.00 - 55.00 Per hour ,Hourly,"Dallas, TX",Glassdoor,2023-11-30
CT/X-Ray Technologist,17.39 - 41.75 Per hour ,Hourly,"Dallas, TX",Glassdoor,2023-11-30
Ultrasound Technologist,50.00 - 100.00 Per hour ,Hourly,"Waxahachie, TX",Glassdoor,2023-11-30
Physical Therapist Assistant,40.00 - 55.00 Per hour ,Hourly,Dallas-Fort Worth,Glassdoor,2023-11-30
Interventional Radiology Technologist,45.00 - 50.00 Per hour ,Hourly,"Dallas, TX",Glassdoor,2023-11-30
Physical Therapist Assistant,48.00 - 55.00 Per hour ,Hourly,"Fort Worth, TX",Glassdoor,2023-11-30
Counselor,40T - 60T ,Annually,"Azle, TX",Glassdoor,2023-11-30
Experienced Litigator,1L ,Annually,"Dallas, TX",Glassdoor,2023-11-30
Anesthesiologist LIFESTYLE POSITION,3L ,Annually,Dallas-Fort Worth,Glassdoor,2023-11-30
Midlevel: APRN or P.A. for lung and sleep clinic,90T ,Annually,"Weatherford, TX",Glassdoor,2023-11-30
Nuclear Medicine Technologist,45.00 - 50.00 Per hour ,Hourly,"Dallas, TX",Glassdoor,2023-11-30
Podiatrist,73T - 2L ,Annually,"Dallas, TX",Glassdoor,2023-11-30
CT TECH/X-Ray-Radiology,45.00 - 50.00 Per hour ,Hourly,"Denton, TX",Glassdoor,2023-11-30
"LEAD CT Technologist, Full Time",46.00 - 48.00 Per hour ,Hourly,"Colleyville, TX",Glassdoor,2023-11-30
Podiatrist,2L ,Annually,Dallas-Fort Worth,Glassdoor,2023-11-30
Program Therapist WEEKENDS,25.00 - 32.00 Per hour ,Hourly,"Tioga, TX",Glassdoor,2023-11-30
Fire Sprinkler Designer,60T - 80T ,Annually,"Waxahachie, TX",Glassdoor,2023-11-30
Radiologic Technologist,54T - 71T ,Annually,Dallas-Fort Worth,Glassdoor,2023-11-30
Vascular Ultrasound Sonographer,40.00 - 51.00 Per hour ,Hourly,"Hurst, TX",Glassdoor,2023-11-30
!!Shine Behavioral is Hiring BCBAs!!,70T - 85T ,Annually,Dallas-Fort Worth,Glassdoor,2023-11-30
HVAC Drafter,28.00 - 43.00 Per hour ,Hourly,"Fort Worth, TX",Glassdoor,2023-11-30
Mental Health Therapist,30.00 Per hour ,Hourly,"Hurst, TX",Glassdoor,2023-11-30
Real Estate/Civil Litigation Partner,2L ,Annually,"Plano, TX",Glassdoor,2023-11-30
CT TECH/X-Ray-Radiology,45.00 - 50.00 Per hour ,Hourly,"Fort Worth, TX",Glassdoor,2023-11-30
Dental Hygienist,48.00 - 52.00 Per hour ,Hourly,"Dallas, TX",Glassdoor,2023-11-30
Attending Psychiatrist,2L - 3L ,Annually,"Grapevine, TX",Glassdoor,2023-11-30
Physical Therapist Assistant for Home health care,55.00 Per hour ,Hourly,"Mesquite, TX",Glassdoor,2023-11-30
Certified Medical Dosimetrist (CMD),1L ,Annually,"Dallas, TX",Glassdoor,2023-11-30
Board Certified Behavior Analyst (BCBA) / BCABA,50T - 90T ,Annually,"Dallas, TX",Glassdoor,2023-11-30
Looking for Outpatient PTA Position with an Outstanding Work Environment?,32.00 - 40.00 Per hour ,Hourly,"Fort Worth, TX",Glassdoor,2023-11-30
Outpatient anesthesiologist,200.00 - 250.00 Per hour ,Hourly,"Plano, TX",Glassdoor,2023-11-30
Podiatrist,1L - 2L ,Annually,"Arlington, TX",Glassdoor,2023-11-30
CT/X-Ray Technologist - PRN Day & Night,31.00 Per hour ,Hourly,Dallas-Fort Worth,Glassdoor,2023-11-30
Wanted: Creative Barbers/Stylists for Bazooka Charlie's Barber Co.-ROANOKE,15.00 - 45.00 Per hour ,Hourly,"Roanoke, TX",Glassdoor,2023-11-30
RDH,45.00 - 55.00 Per hour ,Hourly,"Frisco, TX",Glassdoor,2023-11-30
Register Dental Assistant,16.00 Per hour ,Hourly,"Bartonville, TX",Glassdoor,2023-11-30
Math Teacher - Now Interviewing!,22T - 25T ,Annually,"Poetry, TX",Glassdoor,2023-11-30
Experienced Mechanic,22.00 - 28.00 Per hour ,Hourly,"Rhome, TX",Glassdoor,2023-11-30
Tax Manager,88T - 1L ,Annually,"Dallas, TX",Glassdoor,2023-11-30
Dental Hygienist,44.73 - 53.87 Per hour ,Hourly,"Addison, TX",Glassdoor,2023-11-30
Journeyman Electrician,26.00 - 35.00 Per hour ,Hourly,"Wylie, TX",Glassdoor,2023-11-30
Physical Therapist Assistant,43.00 Per hour ,Hourly,"Garland, TX",Glassdoor,2023-11-30
Radiology Technician Lead,25.41 - 34.94 Per hour ,Hourly,"Denton, TX",Glassdoor,2023-11-30
Board Certified Assistant Behavior Analyst (BCaBA),60T - 82T ,Annually,"Dallas, TX",Glassdoor,2023-11-30
Speech Language Pathologist,50.00 Per hour ,Hourly,"Irving, TX",Glassdoor,2023-11-30
Radiologic Technologist,26.00 - 32.00 Per hour ,Hourly,Dallas-Fort Worth,Glassdoor,2023-11-30
Prosthodontist,2L - 3L ,Annually,Dallas-Fort Worth,Glassdoor,2023-11-30
BCBA - Clinic Director,90T - 1L ,Annually,"Sherman, TX",Glassdoor,2023-11-30
Licensed Physical Therapy Assistant,56T - 83T ,Annually,"Arlington, TX",Glassdoor,2023-11-30
Psychologist,62T - 1L ,Annually,Dallas-Fort Worth,Glassdoor,2023-11-30
Senior Accountant,65T - 90T ,Annually,"Cleburne, TX",Glassdoor,2023-11-30
Family Practice Physician,140.00 - 150.00 Per hour ,Hourly,"Dallas, TX",Glassdoor,2023-11-30
"LPC, LMFT, LCSW Texas (Contract)",60.00 Per hour ,Hourly,"Arlington, TX",Glassdoor,2023-11-30
Physician Assistant,1L ,Annually,"McKinney, TX",Glassdoor,2023-11-30
Senior Maintenance Technician,46T - 66T ,Annually,"Sherman, TX",Glassdoor,2023-11-30
Psychologist,1L ,Annually,"Dallas, TX",Glassdoor,2023-11-30
Physician- PRN,140.00 Per hour ,Hourly,"Addison, TX",Glassdoor,2023-11-30
Speech Language Pathologist,50.00 - 75.00 Per hour ,Hourly,Dallas-Fort Worth,Glassdoor,2023-11-30
Experienced Tax Preparer,60T ,Annually,"Dallas, TX",Glassdoor,2023-11-30
Landscape/Irrigation Estimator (Commercial),40T - 55T ,Annually,"Granbury, TX",Glassdoor,2023-11-30
Physical Therapist Assistant,55.00 Per hour ,Hourly,Dallas-Fort Worth,Glassdoor,2023-11-30
Psychologist,50T - 90T ,Annually,"Coppell, TX",Glassdoor,2023-11-30
Tax Manager,85T - 1L ,Annually,"Fort Worth, TX",Glassdoor,2023-11-30
Dr. of Chiropractic,60T ,Annually,"Celina, TX",Glassdoor,2023-11-30
Behavior Consultant (BCBA) 50% In-person-50% remote,50.00 - 60.00 Per hour ,Hourly,"Arlington, TX",Glassdoor,2023-11-30
Staff Accountant,45T - 70T ,Annually,"Cleburne, TX",Glassdoor,2023-11-30
Senior Geotechnical Engineer,1L - 2L ,Annually,"Dallas, TX",Glassdoor,2023-11-30
Speech Language Pathologist,60.00 - 70.00 Per hour ,Hourly,"Colleyville, TX",Glassdoor,2023-11-30
Clinical Therapist,56T ,Annually,"Sherman, TX",Glassdoor,2023-11-30
Radiology Technologist,40.00 - 45.00 Per hour ,Hourly,"Dallas, TX",Glassdoor,2023-11-30
Dental Hygienist (Part-time),45.00 - 50.00 Per hour ,Hourly,"Carrollton, TX",Glassdoor,2023-11-30
Clinical Psychologist,65.00 - 78.00 Per hour ,Hourly,"Dallas, TX",Glassdoor,2023-11-30
Speech Language Pathologist,80T - 1L ,Annually,Dallas-Fort Worth,Glassdoor,2023-11-30
Physical Therapist,65.00 Per hour ,Hourly,"Irving, TX",Glassdoor,2023-11-30
Dental Hygienist,50.00 - 53.00 Per hour ,Hourly,"Plano, TX",Glassdoor,2023-11-30
Family Law Attorney Needed,90T ,Annually,"Richardson, TX",Glassdoor,2023-11-30
Radiation Therapist,55.00 Per hour ,Hourly,"Fort Worth, TX",Glassdoor,2023-11-30
Tax Accountant,50T - 80T ,Annually,"Terrell, TX",Glassdoor,2023-11-30
Piano and Cello Teachers,40.00 Per hour ,Hourly,"Southlake, TX",Glassdoor,2023-11-30
VIRTUAL Charter/School Speech Pathologist *Las Vegas Local Comp. 23/24,55.00 - 65.00 Per hour ,Hourly,"Dallas, TX",Glassdoor,2023-11-30
"Speech-Language Pathologist, Part-time",45.00 - 55.00 Per hour ,Hourly,Dallas-Fort Worth,Glassdoor,2023-11-30
Certified Personal Trainer,20.00 Per hour ,Hourly,"Rockwall, TX",Glassdoor,2023-11-30
"Speech-Language Pathologist, Clinical Fellow",45.00 Per hour ,Hourly,"Irving, TX",Glassdoor,2023-11-30
Dental Hygienist RDH,40.00 - 50.00 Per hour ,Hourly,"McKinney, TX",Glassdoor,2023-11-30
Certified Pharmacy Technician,13.00 - 18.00 Per hour ,Hourly,"Whitesboro, TX",Glassdoor,2023-11-30
Internal Medicine Physician,2L ,Annually,"Dallas, TX",Glassdoor,2023-11-30
Dental Hygienist,45.00 - 50.00 Per hour ,Hourly,"Fort Worth, TX",Glassdoor,2023-11-30
Electrical Journeyman,28.00 Per hour ,Hourly,"McKinney, TX",Glassdoor,2023-11-30
CT Technologist Travel,52T - 74T ,Annually,"Dallas, TX",Glassdoor,2023-11-30
Registered Behavioral Technician (RBT),17.00 - 22.00 Per hour ,Hourly,"Celina, TX",Glassdoor,2023-11-30
Home Health Certified Occupational Therapist Assistant,70T - 90T ,Annually,"Grand Prairie, TX",Glassdoor,2023-11-30
Speech Language Pathology Therapist,65.00 Per hour ,Hourly,Dallas-Fort Worth,Glassdoor,2023-11-30
"Litigation Associate Attorney (Austin, TX)",1L - 3L ,Annually,Dallas-Fort Worth,Glassdoor,2023-11-30
Hair Stylist,25.00 - 30.00 Per hour ,Hourly,"Fort Worth, TX",Glassdoor,2023-11-30
Physician,2L ,Annually,"Rowlett, TX",Glassdoor,2023-11-30
X-Ray OR Radiologic Technician / $15k Sign-on,24.00 Per hour ,Hourly,"Frisco, TX",Glassdoor,2023-11-30
Social Worker - Hospice,46T - 67T ,Annually,"Sherman, TX",Glassdoor,2023-11-30
Licensed Real Estate Agent - 100% commission - NO monthly fees!,2L ,Annually,"Carrollton, TX",Glassdoor,2023-11-30
Audiologist,80T - 1L ,Annually,"Southlake, TX",Glassdoor,2023-11-30
Maintenance Technician,23.00 - 28.00 Per hour ,Hourly,"Van Alstyne, TX",Glassdoor,2023-11-30
RPLS,85T - 2L ,Annually,"Fort Worth, TX",Glassdoor,2023-11-30
Speech Language Pathologist,55T - 75T ,Annually,Dallas-Fort Worth,Glassdoor,2023-11-30
PRN Therapist,30.00 - 50.00 Per hour ,Hourly,"Fort Worth, TX",Glassdoor,2023-11-30
Radiology Technician,35.00 - 40.00 Per hour ,Hourly,"Fort Worth, TX",Glassdoor,2023-11-30
Director of Discipleship - Full Time,50T ,Annually,"Southlake, TX",Glassdoor,2023-11-30
Certified Pharmacy Technician,13.00 - 16.00 Per hour ,Hourly,"Glen Rose, TX",Glassdoor,2023-11-30
Remote BCBA Position Open with Shine Behavioral!,40.00 - 55.00 Per hour ,Hourly,"Arlington, TX",Glassdoor,2023-11-30
Physical Therapist Assistant,73T - 77T ,Annually,"Dallas, TX",Glassdoor,2023-11-30
Speech Language Pathologist,60.00 - 70.00 Per hour ,Hourly,"Dallas, TX",Glassdoor,2023-11-30
Manager Medical Surgical with Great Pay Package,76T - 1L ,Annually,"Fort Worth, TX",Glassdoor,2023-11-30
"Nurse Practitioner, Entry Level Welcome",50.00 Per hour ,Hourly,"Tom Bean, TX",Glassdoor,2023-11-30
Mobile Dog Groomer,75T - 2L ,Annually,"Dallas, TX",Glassdoor,2023-11-30
Psychologist,8T - 14T ,Annually,"McKinney, TX",Glassdoor,2023-11-30
"Licensed Counselor (LMFT, LPC) for Christian Counseling",30.00 - 60.00 Per hour ,Hourly,"Keller, TX",Glassdoor,2023-11-30
Sexual Assault Nurse Examiner (SANE) Contractor,30.00 - 100.00 Per hour ,Hourly,"Sherman, TX",Glassdoor,2023-11-30
PARAMEDIC,25.00 Per hour ,Hourly,"Duncanville, TX",Glassdoor,2023-11-30
Massage Therapist,20.00 - 22.00 Per hour ,Hourly,"McKinney, TX",Glassdoor,2023-11-30
General Pediatrician,2L ,Annually,"McKinney, TX",Glassdoor,2023-11-30
Veterinary Technician,15.00 - 20.00 Per hour ,Hourly,"Waxahachie, TX",Glassdoor,2023-11-30
Immigration Attorney,62T - 91T ,Annually,"Dallas, TX",Glassdoor,2023-11-30
Energetic Family Law Attorney - Join Our Winning Team,1L - 2L ,Annually,"Plano, TX",Glassdoor,2023-11-30
"Superb Associate Veterinarian Job in Dallas, Texas USA",1L - 2L ,Annually,"Dallas, TX",Glassdoor,2023-11-30
Veterinarian,1L ,Annually,Dallas-Fort Worth,Glassdoor,2023-11-30
Civil Engineering Technician and/or Senior Engineering Technician,90T ,Annually,"Fort Worth, TX",Glassdoor,2023-11-30
Dental Hygienist,45.00 - 52.00 Per hour ,Hourly,"Frisco, TX",Glassdoor,2023-11-30
Physical Therapist,43.00 - 48.00 Per hour ,Hourly,"Dallas, TX",Glassdoor,2023-11-30
Child and Adolescent Therapist,40.00 - 110.00 Per hour ,Hourly,"Plano, TX",Glassdoor,2023-11-30
Bi-Lingual LCSW/LPC/LMFT,62T - 70T ,Annually,"Seagoville, TX",Glassdoor,2023-11-30
"Veterinarian - Clinical Director role in Watauga, Texas USA",1L - 2L ,Annually,"Watauga, TX",Glassdoor,2023-11-30
Clinical Psychologist-Independent veteran evaluations,125.00 - 210.00 Per hour ,Hourly,"Fort Worth, TX",Glassdoor,2023-11-30
Legal Director,2L ,Annually,"Richardson, TX",Glassdoor,2023-11-30
Dental Hygienist,46.00 - 50.00 Per hour ,Hourly,"Little Elm, TX",Glassdoor,2023-11-30
Speech Therapist,35.00 - 50.00 Per hour ,Hourly,"Princeton, TX",Glassdoor,2023-11-30
Physical Therapist Assistant,33.00 - 36.00 Per hour ,Hourly,"McKinney, TX",Glassdoor,2023-11-30
Project Manager,45T - 1L ,Annually,"Kaufman, TX",Glassdoor,2023-11-30
"Licensed Psychologist ($10,000 Sign-On Bonus)",1L ,Annually,"Irving, TX",Glassdoor,2023-11-30
Dental Hygienist,48.00 - 52.00 Per hour ,Hourly,"Rowlett, TX",Glassdoor,2023-11-30
Speech Language Pathologist,75T - 1L ,Annually,"Dallas, TX",Glassdoor,2023-11-30
Brand new opportunity for Vestibular Physical Therapist,35.00 - 40.00 Per hour ,Hourly,"Irving, TX",Glassdoor,2023-11-30
Certified Occupational Therapy Assistant,30.00 - 35.00 Per hour ,Hourly,"Rockwall, TX",Glassdoor,2023-11-30
RDH Hygienist(part time 2 days including Fridays) pay $47-50/hr,47.00 - 50.00 Per hour ,Hourly,"Frisco, TX",Glassdoor,2023-11-30
Board Certified Behavior Analyst (BCBA),80T - 85T ,Annually,"Fort Worth, TX",Glassdoor,2023-11-30
Licensed Professional Counselor,45.00 Per hour ,Hourly,"Azle, TX",Glassdoor,2023-11-30
Dental Hygienist,47.00 Per hour ,Hourly,"Fort Worth, TX",Glassdoor,2023-11-30
Associate Optometrist,1L ,Annually,"Fort Worth, TX",Glassdoor,2023-11-30
Occupational Therapist,50.00 - 70.00 Per hour ,Hourly,Dallas-Fort Worth,Glassdoor,2023-11-30
Diesel Technician/Mechanic,16.00 - 30.00 Per hour ,Hourly,"Decatur, TX",Glassdoor,2023-11-30
Dental Hygienist,44.00 - 50.00 Per hour ,Hourly,"Aubrey, TX",Glassdoor,2023-11-30
Veterinarian - Hospitalist,1L ,Annually,"Dallas, TX",Glassdoor,2023-11-30
Physical Therapist,65.00 - 75.00 Per hour ,Hourly,Dallas-Fort Worth,Glassdoor,2023-11-30
Physical Therapist,65.00 Per hour ,Hourly,Dallas-Fort Worth,Glassdoor,2023-11-30
Registered Dental Hygienist,45.00 - 55.00 Per hour ,Hourly,"Flower Mound, TX",Glassdoor,2023-11-30
Physical Therapist,60.00 - 70.00 Per hour ,Hourly,"Dallas, TX",Glassdoor,2023-11-30
Physician Assistant-Certified,1L ,Annually,"Dallas, TX",Glassdoor,2023-11-30
Licensed Pharmacy Technician,16.00 - 20.00 Per hour ,Hourly,"Whitesboro, TX",Glassdoor,2023-11-30
Physical Therapy Assistant,32.00 - 38.00 Per hour ,Hourly,"Celina, TX",Glassdoor,2023-11-30
Occupational Therapist,60.00 - 75.00 Per hour ,Hourly,Dallas-Fort Worth,Glassdoor,2023-11-30
Licensed Occupational Therapist,60.00 - 65.00 Per hour ,Hourly,Dallas-Fort Worth,Glassdoor,2023-11-30
Family Physician,2L ,Annually,"Fort Worth, TX",Glassdoor,2023-11-30
Senior Tax Accountant - Full or Part-Time,75T - 1L ,Annually,"Dallas, TX",Glassdoor,2023-11-30
Commercial Journeyman Electrician - Lead,28.00 - 35.00 Per hour ,Hourly,"Argyle, TX",Glassdoor,2023-11-30
Licensed Professional Counselor (LPC),25.00 - 35.00 Per hour ,Hourly,"Dallas, TX",Glassdoor,2023-11-30
Occupational Therapist,60.00 Per hour ,Hourly,"Grand Prairie, TX",Glassdoor,2023-11-30
Physical Therapist,50.00 - 75.00 Per hour ,Hourly,Dallas-Fort Worth,Glassdoor,2023-11-30
Dental Hygienist,44.00 - 50.00 Per hour ,Hourly,"Fort Worth, TX",Glassdoor,2023-11-30
Home Health Speech Language Pathologist,80T - 1L ,Annually,Dallas-Fort Worth,Glassdoor,2023-11-30
Civil Litigation Attorney (7+ Years'),1L - 2L ,Annually,"Richardson, TX",Glassdoor,2023-11-30
HVAC Service Technician,30.00 Per hour ,Hourly,"Sanger, TX",Glassdoor,2023-11-30
Medical Doctor-Dallas Area-Start date of Feb/March 2024,2L ,Annually,Dallas-Fort Worth,Glassdoor,2023-11-30
Occupational Therapist,60.00 - 70.00 Per hour ,Hourly,Dallas-Fort Worth,Glassdoor,2023-11-30
Associate Veterinarian,1L ,Annually,"Dallas, TX",Glassdoor,2023-11-30
Registered Dental Assistant (RDA),20.00 Per hour ,Hourly,"Denton, TX",Glassdoor,2023-11-30
Corporate Tax Manager,80T - 1L ,Annually,"Lewisville, TX",Glassdoor,2023-11-30
Litigation Attorney,2L ,Annually,"Fort Worth, TX",Glassdoor,2023-11-30
Associate Attorney,70T - 90T ,Annually,"Granbury, TX",Glassdoor,2023-11-30
Attorney,60T - 85T ,Annually,"Carrollton, TX",Glassdoor,2023-11-30
Family Law Attorney,80T - 1L ,Annually,"Plano, TX",Glassdoor,2023-11-30
Dental Hygienist,50.00 - 55.00 Per hour ,Hourly,"Plano, TX",Glassdoor,2023-11-30
Dental Hygienist,43.00 - 50.00 Per hour ,Hourly,"Allen, TX",Glassdoor,2023-11-30
Labor and Delivery RN-Full Time,34.00 - 54.00 Per hour ,Hourly,"Arlington, TX",Glassdoor,2023-11-30
Physician Assistant-Certified,1L ,Annually,"Fort Worth, TX",Glassdoor,2023-11-30
Physical Therapist,45.00 - 48.00 Per hour ,Hourly,"Duncanville, TX",Glassdoor,2023-11-30
Physical Therapist PRN,45.00 - 55.00 Per hour ,Hourly,"Irving, TX",Glassdoor,2023-11-30
Speech Language Pathologist,40.00 - 50.00 Per hour ,Hourly,"Corsicana, TX",Glassdoor,2023-11-30
Speech Language Pathologist,65.00 - 90.00 Per hour ,Hourly,"Kaufman, TX",Glassdoor,2023-11-30
Litigation Attorney,80T - 1L ,Annually,"Dallas, TX",Glassdoor,2023-11-30
Managing Optometrist,1L - 2L ,Annually,"Fort Worth, TX",Glassdoor,2023-11-30
"Board Certified Behavior Analyst (BCBA) - Fort Worth, TX, Alliance Clinic",70T ,Annually,"Keller, TX",Glassdoor,2023-11-30
Pediatrician,2L ,Annually,"Fort Worth, TX",Glassdoor,2023-11-30
Hair Stylist,14.00 - 15.00 Per hour ,Hourly,"Denton, TX",Glassdoor,2023-11-30
Registered Dietitian Nutritionist - RDN,37.00 - 39.00 Per hour ,Hourly,"Mesquite, TX",Glassdoor,2023-11-30
Associate Veterinarian,1L - 2L ,Annually,"McKinney, TX",Glassdoor,2023-11-30
FOREMAN for COMMERCIAL Plumbing - Lic. Journeyman,35.00 Per hour ,Hourly,"Dallas, TX",Glassdoor,2023-11-30
CPA firm seeking Tax Senior,80T ,Annually,"Fort Worth, TX",Glassdoor,2023-11-30
"Fully Licensed Child and Adolescent Therapist, LPC, LCSW, LMFT",45.00 Per hour ,Hourly,"Garland, TX",Glassdoor,2023-11-30
Licensed Plumber,20.00 - 30.00 Per hour ,Hourly,"Midlothian, TX",Glassdoor,2023-11-30
General Dentist,12T - 20T ,Annually,"Weatherford, TX",Glassdoor,2023-11-30
Associate Veterinarian - Private Practice,1L - 2L ,Annually,"Krum, TX",Glassdoor,2023-11-30
Board Certified Behavior Analyst (BCBA),60T - 85T ,Annually,"Wylie, TX",Glassdoor,2023-11-30
Registered Dental Hygienist,50.00 - 60.00 Per hour ,Hourly,"Pantego, TX",Glassdoor,2023-11-30
Hair Stylist,14.00 - 15.00 Per hour ,Hourly,"Highland Village, TX",Glassdoor,2023-11-30
Part-time Dental Hygienist,36.00 - 50.00 Per hour ,Hourly,"Melissa, TX",Glassdoor,2023-11-30
Licensed Physical Therapist Assistant (PTA),35.00 - 37.00 Per hour ,Hourly,"Hillsboro, TX",Glassdoor,2023-11-30
Physical Therapist,85T - 1L ,Annually,"Dallas, TX",Glassdoor,2023-11-30
Optometrist,1L ,Annually,"Fort Worth, TX",Glassdoor,2023-11-30
Lead Chef,12.00 - 25.00 Per hour ,Hourly,"Azle, TX",Glassdoor,2023-11-30
Cosmetologist/Hair Stylist,35T - 65T ,Annually,"Granbury, TX",Glassdoor,2023-11-30
Registered Dental Assistant (RDA),16.00 - 25.00 Per hour ,Hourly,"Corsicana, TX",Glassdoor,2023-11-30
Licensed Psychologist,96T - 1L ,Annually,"Plano, TX",Glassdoor,2023-11-30
Academic outpatient Physician,2L ,Annually,"Fort Worth, TX",Glassdoor,2023-11-30
Registered Dental Hygienist,43.00 - 55.00 Per hour ,Hourly,"Flower Mound, TX",Glassdoor,2023-11-30
Nurse Sonographer or R.D.M.S.,25.00 Per hour ,Hourly,"Fort Worth, TX",Glassdoor,2023-11-30
Associate Veterinarian - Part Time or Full Time,52T - 1L ,Annually,"Brock, TX",Glassdoor,2023-11-30
Water Aerobics Instructor ($35/hr),35.00 Per hour ,Hourly,"Plano, TX",Glassdoor,2023-11-30
Registered Dental Hygienist (RDH),50.00 Per hour ,Hourly,"Denton, TX",Glassdoor,2023-11-30
Physical Therapist,86T - 90T ,Annually,"Carrollton, TX",Glassdoor,2023-11-30
Board Certified Behavior Analyst (BCBA/BCaBA),70T - 82T ,Annually,United States,Glassdoor,2023-11-30
Speech-Language Pathologist - SY 23-24,37.00 - 55.00 Per hour ,Hourly,"Southlake, TX",Glassdoor,2023-11-30
Personal Injury Attorney,90T - 1L ,Annually,"Garland, TX",Glassdoor,2023-11-30
Detox / Recovery Nurse (7a-7p) Thursday - Saturday (w/rotating Wed),28.00 - 38.00 Per hour ,Hourly,"Van Alstyne, TX",Glassdoor,2023-11-30
Licensed Psychologist,1L - 2L ,Annually,"Allen, TX",Glassdoor,2023-11-30
Speech Language Pathologist - Pediatric Outpatient Clinic,70T - 85T ,Annually,"Richardson, TX",Glassdoor,2023-11-30
Licensed Psychological Associate,45.00 - 100.00 Per hour ,Hourly,"Allen, TX",Glassdoor,2023-11-30
Registered Dental Hygienist,45.00 - 48.00 Per hour ,Hourly,,Glassdoor,2023-11-30
"Associate Attorney, Litigation",1L ,Annually,"Fort Worth, TX",Glassdoor,2023-11-30
Full Time Therapist,67T - 90T ,Annually,"Allen, TX",Glassdoor,2023-11-30
Journeyman Electrician,34.00 - 37.00 Per hour ,Hourly,"Frisco, TX",Glassdoor,2023-11-30
Physical Therapist,50.00 - 55.00 Per hour ,Hourly,"Fort Worth, TX",Glassdoor,2023-11-30
Veterinarian,1L ,Annually,"Anna, TX",Glassdoor,2023-11-30
Physical Therapist Assistant,43.00 Per hour ,Hourly,"Mesquite, TX",Glassdoor,2023-11-30
"Board Certified Behavior Analyst (BCBA), Relocate to OKC (assistance avail)",90T - 1L ,Annually,"Dallas, TX",Glassdoor,2023-11-30
Associate Veterinarian,1L - 2L ,Annually,"Cedar Hill, TX",Glassdoor,2023-11-30
"Licensed Professional Counselor (LPC, LCSW, LMFT) - Addison",65T - 1L ,Annually,"Addison, TX",Glassdoor,2023-11-30
Private Piano Teacher,30.00 - 35.00 Per hour ,Hourly,"Fort Worth, TX",Glassdoor,2023-11-30
Licensed Clinical Social Worker and Clinical Psychologist,30.00 - 90.00 Per hour ,Hourly,"Dallas, TX",Glassdoor,2023-11-30
Med/Surg RN-Full Time,30.00 - 46.00 Per hour ,Hourly,"Lewisville, TX",Glassdoor,2023-11-30
Associate Veterinarian,1L - 2L ,Annually,"Fort Worth, TX",Glassdoor,2023-11-30
PCU RN-Full Time,29.44 - 42.95 Per hour ,Hourly,"Dallas, TX",Glassdoor,2023-11-30
Litigation Associate Attorney,70T - 1L ,Annually,"Sherman, TX",Glassdoor,2023-11-30
Senior Tax Accountant,80T ,Annually,"Weatherford, TX",Glassdoor,2023-11-30
Dialysis Charge Nurse,45.00 - 48.00 Per hour ,Hourly,"Greenville, TX",Glassdoor,2023-11-30
"Full Time Dentist in Greensboro, NC",3L ,Annually,"Dallas, TX",Glassdoor,2023-11-30
Occupational Therapist,50.00 - 70.00 Per hour ,Hourly,"Flower Mound, TX",Glassdoor,2023-11-30
"Nurse Practitioner, min 1 year of previous experience",50.00 - 60.00 Per hour ,Hourly,"Burleson, TX",Glassdoor,2023-11-30
Speech Language Pathologist - Frisco Clinic (FT),60T ,Annually,"Frisco, TX",Glassdoor,2023-11-30
Physical Therapist,42.00 - 75.00 Per hour ,Hourly,"Dallas, TX",Glassdoor,2023-11-30
Physical Therapist PRN,46.00 - 52.00 Per hour ,Hourly,"Grapevine, TX",Glassdoor,2023-11-30
Pediatric Speech Language Pathologist (CCC or CFY),67T - 72T ,Annually,"Dallas, TX",Glassdoor,2023-11-30
Dentist - Endodontist,50T - 1L ,Annually,"Dallas, TX",Glassdoor,2023-11-30
Physical Therapist,81T - 88T ,Annually,"Dallas, TX",Glassdoor,2023-11-30
Veterinarian - Medical Director,2L ,Annually,"Cedar Hill, TX",Glassdoor,2023-11-30
Nurse Practitioner,89T - 1L ,Annually,"Cleburne, TX",Glassdoor,2023-11-30
Travel-RN(Oncology),36.00 - 44.00 Per hour ,Hourly,"Dallas, TX",Glassdoor,2023-11-30
Lead Veterinarian,2L ,Annually,"Allen, TX",Glassdoor,2023-11-30
Bilingual Associate Attorney,60T - 90T ,Annually,"Fort Worth, TX",Glassdoor,2023-11-30
Certified Registered Nurse Anesthetist (CRNA),2L ,Annually,"Plano, TX",Glassdoor,2023-11-30
Registered Dental Hygienist,45.00 - 50.00 Per hour ,Hourly,"Frisco, TX",Glassdoor,2023-11-30
Physical Therapist,34.00 - 42.00 Per hour ,Hourly,"Dallas, TX",Glassdoor,2023-11-30
"Licensed Therapist - LPC, LMFT, or LCSW",60T - 70T ,Annually,"Mansfield, TX",Glassdoor,2023-11-30
Physical Therapist,45.00 - 65.00 Per hour ,Hourly,"Fort Worth, TX",Glassdoor,2023-11-30
Registered Dietitian - Bilingual (Spanish),56T ,Annually,"Arlington, TX",Glassdoor,2023-11-30
Occupational Therapist,75T - 85T ,Annually,"Desoto, TX",Glassdoor,2023-11-30
Registered Nurse (L&D),45.00 - 50.00 Per hour ,Hourly,"Weatherford, TX",Glassdoor,2023-11-30
"Psychologist, Post-doc, LPC, LCSW",75T - 1L ,Annually,"Rockwall, TX",Glassdoor,2023-11-30
"Physical Therapist, Home Health",60.00 - 100.00 Per hour ,Hourly,"Arlington, TX",Glassdoor,2023-11-30
Registered Dental Hygienist,56.00 Per hour ,Hourly,"Frisco, TX",Glassdoor,2023-11-30
Pediatric Occupational Therapist Southlake Per-Visit,63.00 - 80.00 Per hour ,Hourly,"Southlake, TX",Glassdoor,2023-11-30
Respiratory Therapist,60T - 70T ,Annually,"Dallas, TX",Glassdoor,2023-11-30
Assistant Controller,60T - 70T ,Annually,"Burleson, TX",Glassdoor,2023-11-30
Physical Therapist,32.00 - 51.00 Per hour ,Hourly,"Dallas, TX",Glassdoor,2023-11-30
PAID Psychiatric Nurse Practitioner Preceptor- (MD/NP/PA) INPATIENT,59T - 86T ,Annually,"Dallas, TX",Glassdoor,2023-11-30
Senior Litigation Attorney,1L - 2L ,Annually,"Dallas, TX",Glassdoor,2023-11-30
HVAC Service Technician/Mini Split Technician,17.00 - 32.00 Per hour ,Hourly,"Cleburne, TX",Glassdoor,2023-11-30
Litigation Attorney,70T - 1L ,Annually,"Dallas, TX",Glassdoor,2023-11-30
Experienced Automotive Technician/Mechanic,40.00 Per hour ,Hourly,United States,Glassdoor,2023-11-30
Nurse Practitioner,54.00 - 56.00 Per hour ,Hourly,"Gainesville, TX",Glassdoor,2023-11-30
Physician - Primary Care (Family Medicine or Internal Medicine) DFW,2L - 3L ,Annually,"Fort Worth, TX",Glassdoor,2023-11-30
Pediatric Speech Language Pathologist,65T - 80T ,Annually,"Allen, TX",Glassdoor,2023-11-30
Registered Dental Hygienist,45.00 Per hour ,Hourly,"Cleburne, TX",Glassdoor,2023-11-30
Emergency Room RN-Full Time,31.57 - 53.46 Per hour ,Hourly,"North Richland Hills, TX",Glassdoor,2023-11-30
Occupational Therapist,40.00 - 50.00 Per hour ,Hourly,"Celina, TX",Glassdoor,2023-11-30
Registered Dental Hygienist,45.00 - 52.00 Per hour ,Hourly,"Murphy, TX",Glassdoor,2023-11-30
Physical Therapist - Outpatient,65T - 90T ,Annually,"Keller, TX",Glassdoor,2023-11-30
Licensed Occupational Therapy Assistant (COTA),45.00 - 50.00 Per hour ,Hourly,"Waxahachie, TX",Glassdoor,2023-11-30
Mid-Level Practitioner (NP/PA) 7on/7off Nights,1L ,Annually,"Fort Worth, TX",Glassdoor,2023-11-30
Registered Dental Hygienist,40.00 Per hour ,Hourly,"Garland, TX",Glassdoor,2023-11-30
Pediatric Occupational Therapist,60.00 - 65.00 Per hour ,Hourly,"Southlake, TX",Glassdoor,2023-11-30
Nurse Practitioner,79T - 1L ,Annually,"Fort Worth, TX",Glassdoor,2023-11-30
Registered Respiratory Therapist (RRT),25.16 - 35.00 Per hour ,Hourly,"Dallas, TX",Glassdoor,2023-11-30
Experienced Business Litigation Attorney,80T - 2L ,Annually,"Dallas, TX",Glassdoor,2023-11-30
Registered Dental Hygienist,38.00 - 47.00 Per hour ,Hourly,"Richardson, TX",Glassdoor,2023-11-30
Occupational Therapist (Part Time),60T - 93T ,Annually,"Benbrook, TX",Glassdoor,2023-11-30
Journeyman Electrician Commercial/Residential,50T - 75T ,Annually,"Royse City, TX",Glassdoor,2023-11-30
Experienced Collision Repair Technician - Specialty Markets,26.00 - 32.00 Per hour ,Hourly,"Plano, TX",Glassdoor,2023-11-30
Physician,2L ,Annually,Texas,Glassdoor,2023-11-30
Associate Actuary,87T - 1L ,Annually,"Addison, TX",Glassdoor,2023-11-30
Senior Staff Accountant,75T ,Annually,"Fort Worth, TX",Glassdoor,2023-11-30
Physical Therapist,75T - 1L ,Annually,"Fort Worth, TX",Glassdoor,2023-11-30
Logistics Coordinator,45T - 50T ,Annually,"Richardson, TX",Glassdoor,2023-11-30
Pediatric Physical Therapist - Part Time,50.00 - 55.00 Per hour ,Hourly,"Dallas, TX",Glassdoor,2023-11-30
Physical Therapist,34.00 - 45.00 Per hour ,Hourly,"Mesquite, TX",Glassdoor,2023-11-30
ER Registered Nurse - FULLTIME NIGHT SHIFT,35.00 - 50.00 Per hour ,Hourly,"Sunnyvale, TX",Glassdoor,2023-11-30
Bilingual Speech-Language Pathologist (SLP),60T - 90T ,Annually,"Burleson, TX",Glassdoor,2023-11-30
Audiologist,55.00 - 65.00 Per hour ,Hourly,"Irving, TX",Glassdoor,2023-11-30
Home Health Occupational Therapist,85T - 1L ,Annually,"Dallas, TX",Glassdoor,2023-11-30
Chairside Registered Dental Assistant (RDA),20.00 - 23.00 Per hour ,Hourly,"Little Elm, TX",Glassdoor,2023-11-30
Occupational Therapist,50.00 - 53.00 Per hour ,Hourly,"McKinney, TX",Glassdoor,2023-11-30
Licensed Physical Therapist,60.00 - 65.00 Per hour ,Hourly,Dallas-Fort Worth,Glassdoor,2023-11-30
Journeyman Plumber,28.00 - 32.00 Per hour ,Hourly,Dallas-Fort Worth,Glassdoor,2023-11-30
Journeyman Electrician,32.00 - 35.00 Per hour ,Hourly,"Lancaster, TX",Glassdoor,2023-11-30
Landscape Architect / designer,60T - 80T ,Annually,"Fort Worth, TX",Glassdoor,2023-11-30
LVN / RN Private Duty Nurse,52T - 84T ,Annually,"Greenville, TX",Glassdoor,2023-11-30
Certified Surgical Technologist (CVOR),40.00 - 45.00 Per hour ,Hourly,"Fort Worth, TX",Glassdoor,2023-11-30
Registered Nurse (PEDS-CVICU),45.00 - 50.00 Per hour ,Hourly,"Dallas, TX",Glassdoor,2023-11-30
Occupational Therapist,66T - 94T ,Annually,"Mabank, TX",Glassdoor,2023-11-30
Full-Time Physical Therapist Position (Outpatient & Sports Medicine),78T - 88T ,Annually,"Fort Worth, TX",Glassdoor,2023-11-30
Occupational Therapist,67T - 94T ,Annually,"Fort Worth, TX",Glassdoor,2023-11-30
Pediatric Occupational Therapist Southlake,64T - 83T ,Annually,"Southlake, TX",Glassdoor,2023-11-30
"Staff Registered Respiratory Therapist in Arlington, Texas",27.67 - 37.73 Per hour ,Hourly,"Arlington, TX",Glassdoor,2023-11-30
Physical Therapist,67T - 88T ,Annually,"Gainesville, TX",Glassdoor,2023-11-30
Behavioral Medicine Counselor,15.00 - 20.00 Per hour ,Hourly,"Dallas, TX",Glassdoor,2023-11-30
Physical Therapist (PT),40.00 - 45.00 Per hour ,Hourly,"Midlothian, TX",Glassdoor,2023-11-30
Diesel Technician/Mechanic (6-9 yrs experience required),55T - 75T ,Annually,"Melissa, TX",Glassdoor,2023-11-30
Mental Health Therapist,30.00 Per hour ,Hourly,"Mansfield, TX",Glassdoor,2023-11-30
Occupational Therapist,60.00 - 75.00 Per hour ,Hourly,"Fort Worth, TX",Glassdoor,2023-11-30
Professional Hair Stylist,15.00 - 35.00 Per hour ,Hourly,"Flower Mound, TX",Glassdoor,2023-11-30
Physical Therapist,47.67 - 51.66 Per hour ,Hourly,"Waxahachie, TX",Glassdoor,2023-11-30
Nurse Manager Surgical-Ortho-Full Time,40.00 - 61.00 Per hour ,Hourly,"Denton, TX",Glassdoor,2023-11-30
Full-Time In Person and Virtual NP or PA,85T - 1L ,Annually,"Irving, TX",Glassdoor,2023-11-30
"Board Certified Behavior Analyst (BCBA), Clinical Lead",70T - 90T ,Annually,"Seagoville, TX",Glassdoor,2023-11-30
Licensed Physical Therapist,38.63 - 46.53 Per hour ,Hourly,"Arlington, TX",Glassdoor,2023-11-30
Echo/Vascular Ultrasound Technician,36.00 - 43.00 Per hour ,Hourly,"Dallas, TX",Glassdoor,2023-11-30
Sales Representative - Mining & Tunneling Industries,1L ,Annually,"Lancaster, TX",Glassdoor,2023-11-30
LVN Staff Nurse,25.00 - 28.00 Per hour ,Hourly,"Greenville, TX",Glassdoor,2023-11-30
Occupational Therapy Assistant,56T - 85T ,Annually,"Greenville, TX",Glassdoor,2023-11-30
Cardiology Physician Assistant,90T - 1L ,Annually,"Fort Worth, TX",Glassdoor,2023-11-30
HVAC Technician,23.53 Per hour ,Hourly,"Denton, TX",Glassdoor,2023-11-30
Massage Therapist - Independent Contractor,30.00 - 65.00 Per hour ,Hourly,"Fort Worth, TX",Glassdoor,2023-11-30
LPC/LMFT,50.00 - 70.00 Per hour ,Hourly,"Dallas, TX",Glassdoor,2023-11-30
Veterinary - Technician,18.00 - 22.00 Per hour ,Hourly,"Euless, TX",Glassdoor,2023-11-30
PRN Physical Therapist.,50.00 - 60.00 Per hour ,Hourly,"Denton, TX",Glassdoor,2023-11-30
Pediatric Physical Therapist,45.00 - 55.00 Per hour ,Hourly,"Plano, TX",Glassdoor,2023-11-30
"Manager, Continuous Improvement",1L ,Annually,"Blum, TX",Glassdoor,2023-11-30
Physician's Assistant,55.00 Per hour ,Hourly,"Burleson, TX",Glassdoor,2023-11-30
Gift Officer,64T - 71T ,Annually,"Dallas, TX",Glassdoor,2023-11-30
Licensed Journeyman Service Plumber,30.00 - 45.00 Per hour ,Hourly,"Waxahachie, TX",Glassdoor,2023-11-30
RN Nurse Manager Med Surg- Orthopedics,45.00 - 55.00 Per hour ,Hourly,"Fort Worth, TX",Glassdoor,2023-11-30
Body Shop Technician,55T - 85T ,Annually,"Fort Worth, TX",Glassdoor,2023-11-30
Pediatric Occupational Therapist (Hawaii),47.00 - 50.00 Per hour ,Hourly,Texas,Glassdoor,2023-11-30
Water Resources PE Project Manager,90T - 1L ,Annually,"Carrollton, TX",Glassdoor,2023-11-30
Clinic Director/Physical Therapist,60T - 80T ,Annually,"Northlake, TX",Glassdoor,2023-11-30
Hair Stylist,35T - 50T ,Annually,"Plano, TX",Glassdoor,2023-11-30
Licensed Physical Therapist,60T - 85T ,Annually,"Dallas, TX",Glassdoor,2023-11-30
Speech Language Pathologist,48.00 - 55.00 Per hour ,Hourly,"Lewisville, TX",Glassdoor,2023-11-30
"Travel-RN, Rehabilitation",35.00 - 43.00 Per hour ,Hourly,"Fort Worth, TX",Glassdoor,2023-11-30
Pediatric Occupational Therapist,72T - 75T ,Annually,"Rockwall, TX",Glassdoor,2023-11-30
Pelvic Health Physical Therapist,75T - 1L ,Annually,"Fort Worth, TX",Glassdoor,2023-11-30
Auto Body Technician,20.00 - 40.00 Per hour ,Hourly,"Gunter, TX",Glassdoor,2023-11-30
Registered Nurse (Neuro PCU),35.00 - 40.00 Per hour ,Hourly,"Plano, TX",Glassdoor,2023-11-30
Maintenance Technician IV,22.00 Per hour ,Hourly,"Denton, TX",Glassdoor,2023-11-30
Physical Therapist - Pediatric Outpatient Clinic,70T - 85T ,Annually,"Richardson, TX",Glassdoor,2023-11-30
Civil Litigation Attorney,1L ,Annually,"Richardson, TX",Glassdoor,2023-11-30
Custom Broker 报关专员,70T ,Annually,Dallas-Fort Worth,Glassdoor,2023-11-30
Home Health Physical Therapist,85T - 1L ,Annually,"Midlothian, TX",Glassdoor,2023-11-30
Barber/Stylist,58T - 62T ,Annually,"Fort Worth, TX",Glassdoor,2023-11-30
Senior Electrical Engineer,96T - 1L ,Annually,"Dallas, TX",Glassdoor,2023-11-30
Radiologic Technologist- Weekends,26.00 - 32.00 Per hour ,Hourly,Dallas-Fort Worth,Glassdoor,2023-11-30
Registered Nurse Neuro Trauma ICU Days * Exceptional incentives offered,33.00 - 61.80 Per hour ,Hourly,"Arlington, TX",Glassdoor,2023-11-30
Full Time Pediatric Nurse Practitioner or Physicians Assistant,90T - 1L ,Annually,"Mesquite, TX",Glassdoor,2023-11-30
Dental Hygienist - Full Time,45.00 - 50.00 Per hour ,Hourly,"Plano, TX",Glassdoor,2023-11-30
Tradesman Plumber,25.00 - 30.00 Per hour ,Hourly,"Richardson, TX",Glassdoor,2023-11-30
Machine Technician,25.00 - 33.00 Per hour ,Hourly,"Arlington, TX",Glassdoor,2023-11-30
Journeyman Electrican,30.00 - 35.00 Per hour ,Hourly,"Azle, TX",Glassdoor,2023-11-30
Utility CADD Technician,22.00 - 40.00 Per hour ,Hourly,"Dallas, TX",Glassdoor,2023-11-30
Clinical Director,65T - 85T ,Annually,"Lewisville, TX",Glassdoor,2023-11-30
Part Time Acupuncturist,27.00 - 30.00 Per hour ,Hourly,"Plano, TX",Glassdoor,2023-11-30
Licensed Massage Therapist (LMT),24.00 - 28.00 Per hour ,Hourly,"Southlake, TX",Glassdoor,2023-11-30
Registered Dental Assistant,16.00 - 20.00 Per hour ,Hourly,"Dallas, TX",Glassdoor,2023-11-30
Physician Assistant,1L ,Annually,"Southlake, TX",Glassdoor,2023-11-30
"Licensed Professional Counselor (LPC), LMFT, LCSW",65T - 1L ,Annually,"McKinney, TX",Glassdoor,2023-11-30
Licensed Therapist - Afternoon and Evening Availability,50.00 - 175.00 Per hour ,Hourly,"Murphy, TX",Glassdoor,2023-11-30
Automotive Master Technician,45.00 - 50.00 Per hour ,Hourly,"Greenville, TX",Glassdoor,2023-11-30
"RN Medical Surgical Unit Night shift in Lewisville, Texas",30.00 - 46.00 Per hour ,Hourly,"Lewisville, TX",Glassdoor,2023-11-30
Associate Veterinarian,1L - 2L ,Annually,"Fort Worth, TX",Glassdoor,2023-11-30
Hair Stylist,12.00 - 15.00 Per hour ,Hourly,"Midlothian, TX",Glassdoor,2023-11-30
Tax Senior/Manager,90T - 1L ,Annually,"Dallas, TX",Glassdoor,2023-11-30
Associate Attorney - Commercial Litigation & Transactional experience,1L ,Annually,"Dallas, TX",Glassdoor,2023-11-30
Occupational Therapist,47.00 - 51.00 Per hour ,Hourly,"Fort Worth, TX",Glassdoor,2023-11-30
MDS Coordinator,57T - 87T ,Annually,"Corsicana, TX",Glassdoor,2023-11-30
Attorney,80T - 1L ,Annually,"Fort Worth, TX",Glassdoor,2023-11-30
Associate Regional Medical Director,3L ,Annually,"Dallas, TX",Glassdoor,2023-11-30
Registered Roof Consultant,1L ,Annually,Dallas-Fort Worth,Glassdoor,2023-11-30
Inventory Control Specialist,37T - 51T ,Annually,"Cleburne, TX",Glassdoor,2023-11-30
E-Commerce B2B Wholesale Distribution Network Large Sales Leads Generator,18.00 Per hour ,Hourly,"Plano, TX",Glassdoor,2023-11-30
Licensed Physical Therapist Assistant,55T - 65T ,Annually,Dallas-Fort Worth,Glassdoor,2023-11-30
Board Certified Behavior Analyst (BCBA),77T - 90T ,Annually,Texas,Glassdoor,2023-11-30
Licensed Insurance Producer,40T - 70T ,Annually,"Denton, TX",Glassdoor,2023-11-30
Physical Therapist,80T - 1L ,Annually,Dallas-Fort Worth,Glassdoor,2023-11-30
HVAC Technician,50T - 63T ,Annually,"Midlothian, TX",Glassdoor,2023-11-30
Sheetmetal Estimator,50T - 70T ,Annually,"Fort Worth, TX",Glassdoor,2023-11-30
Associate Veterinarian - Small Animal Practice,1L - 2L ,Annually,United States,Glassdoor,2023-11-30
Territory Sales Manager,65T - 3L ,Annually,Dallas-Fort Worth,Glassdoor,2023-11-30
A&P Mechanic (Weekday Evening) $35/hr IA $40/hr,73T - 83T ,Annually,"Denton, TX",Glassdoor,2023-11-30
Lead Aerial (Bucket Truck) Journeyman Electrician,28.00 - 34.00 Per hour ,Hourly,"Pantego, TX",Glassdoor,2023-11-30
Project Engineer,90T - 1L ,Annually,"Ennis, TX",Glassdoor,2023-11-30
Oracle Functional Analyst - Financials,1L ,Annually,"Irving, TX",Glassdoor,2023-11-30
RN Supervisor weekend**Baylor Plan**,32.00 - 36.00 Per hour ,Hourly,"Greenville, TX",Glassdoor,2023-11-30
Senior Oligonucleotide Production Chemist,70T ,Annually,"Lewisville, TX",Glassdoor,2023-11-30
Chiropractor,60T - 3L ,Annually,"Frisco, TX",Glassdoor,2023-11-30
Assistant Barbershop Manager,59T - 65T ,Annually,"Keller, TX",Glassdoor,2023-11-30
Social Media and Marketing Manager,50T - 55T ,Annually,"Weatherford, TX",Glassdoor,2023-11-30
"Of Counsel Trial Attorney - Dallas, Texas",2L ,Annually,Dallas-Fort Worth,Glassdoor,2023-11-30
Fleet Service Mechanic,18.00 - 23.00 Per hour ,Hourly,"Alvarado, TX",Glassdoor,2023-11-30
Massage Therapist,35.00 Per hour ,Hourly,"Arlington, TX",Glassdoor,2023-11-30
A&P Mechanics - Up To $45/hr,73T - 94T ,Annually,"Denton, TX",Glassdoor,2023-11-30
Journeyman Plumber,31.00 - 35.00 Per hour ,Hourly,"Irving, TX",Glassdoor,2023-11-30
Board Certified or Board Eligible Dermatologist,4L ,Annually,"Dallas, TX",Glassdoor,2023-11-30
Accounting Manager CPA,25.00 Per hour ,Hourly,"Grand Prairie, TX",Glassdoor,2023-11-30
Mobile Dog Groomer,45T - 75T ,Annually,"Northlake, TX",Glassdoor,2023-11-30
Counselor,50T - 55T ,Annually,"Fort Worth, TX",Glassdoor,2023-11-30
"Physician Assistant, Nurse Practitioner",1L ,Annually,"Midlothian, TX",Glassdoor,2023-11-30
Cello Teacher,70.00 - 100.00 Per hour ,Hourly,"Dallas, TX",Glassdoor,2023-11-30
Senior Project Engineer - MEP Engineering Firm,1L - 2L ,Annually,"Fort Worth, TX",Glassdoor,2023-11-30
Piano Teacher - Our Location,30.00 Per hour ,Hourly,"Dallas, TX",Glassdoor,2023-11-30
Retail Sales Specialist,35.00 - 76.00 Per hour ,Hourly,"Addison, TX",Glassdoor,2023-11-30
Tree Climbers - 2 Year Exp. Required,18.00 - 35.00 Per hour ,Hourly,"Denton, TX",Glassdoor,2023-11-30
General Dentist,2L - 3L ,Annually,"Dallas, TX",Glassdoor,2023-11-30
Bench Jeweler,21.00 - 25.00 Per hour ,Hourly,"Dallas, TX",Glassdoor,2023-11-30
Diesel Mechanic Helper,20.00 - 30.00 Per hour ,Hourly,"Denton, TX",Glassdoor,2023-11-30
Experienced Probate/Estate Planning Paralegal,50T ,Annually,"Fort Worth, TX",Glassdoor,2023-11-30
Hotel Maintenance Engineer,19.00 - 23.00 Per hour ,Hourly,"Dallas, TX",Glassdoor,2023-11-30
Physician Assistant or CSFA,1L ,Annually,Dallas-Fort Worth,Glassdoor,2023-11-30
Quality Control Technician,17.00 Per hour ,Hourly,"Dallas, TX",Glassdoor,2023-11-30
Senior Electrical Engineer,2L ,Annually,"Arlington, TX",Glassdoor,2023-11-30
Occupational Therapist,80T - 1L ,Annually,Dallas-Fort Worth,Glassdoor,2023-11-30
Coding & Robotics Coach,14.00 - 17.00 Per hour ,Hourly,"Colleyville, TX",Glassdoor,2023-11-30
Small and Exotic Animal Veterinarian,1L ,Annually,"Dallas, TX",Glassdoor,2023-11-30
Outside Sales Representative,38T ,Annually,"Arlington, TX",Glassdoor,2023-11-30
Entry Level Automotive Technician,19.00 - 23.00 Per hour ,Hourly,"Grand Prairie, TX",Glassdoor,2023-11-30
Sales Representative,30T - 1L ,Annually,Dallas-Fort Worth,Glassdoor,2023-11-30
Chiropractor,60T - 1L ,Annually,"Murphy, TX",Glassdoor,2023-11-30
Repair Shop Manager,59T - 65T ,Annually,"Mansfield, TX",Glassdoor,2023-11-30
Aviation Maintenance Technician (Part 65 A&P Required) - DFW,30.00 - 35.00 Per hour ,Hourly,"Irving, TX",Glassdoor,2023-11-30
"Therapist (LPC, LCSW, LMFT)",74T - 87T ,Annually,"Dallas, TX",Glassdoor,2023-11-30
Ophthalmology Technician / Scribe,17.00 - 22.00 Per hour ,Hourly,Dallas-Fort Worth,Glassdoor,2023-11-30
Sprinkler Service Fitter/Inspector,28.00 - 40.00 Per hour ,Hourly,Dallas-Fort Worth,Glassdoor,2023-11-30
CNC Programmer/Machinist,28.00 Per hour ,Hourly,"Dallas, TX",Glassdoor,2023-11-30
Quality Control Inspector,20.00 - 25.00 Per hour ,Hourly,"Arlington, TX",Glassdoor,2023-11-30
Cath Lab Tech,55.00 - 60.00 Per hour ,Hourly,"Fort Worth, TX",Glassdoor,2023-11-30
Attorney,75T - 1L ,Annually,"Dallas, TX",Glassdoor,2023-11-30
Associate Attorney,70T - 90T ,Annually,"Granbury, TX",Glassdoor,2023-11-30
Speech Language Pathologist,40.00 - 50.00 Per hour ,Hourly,"Corsicana, TX",Glassdoor,2023-11-30
Cosmetologist/Hair Stylist,35T - 65T ,Annually,"Granbury, TX",Glassdoor,2023-11-30
Certified Occupational Therapy Assistant (COTA),32.00 - 40.00 Per hour ,Hourly,"Celina, TX",Glassdoor,2023-11-30
Pediatric Speech Language Pathologist (SLP) - Clinic Setting,62T - 90T ,Annually,"Arlington, TX",Glassdoor,2023-11-30
Board Certified Behavior Analyst (BCBA/BCaBA),75T - 85T ,Annually,"Aubrey, TX",Glassdoor,2023-11-30
Experienced Civil Litigation Attorney,2L - 3L ,Annually,"Grapevine, TX",Glassdoor,2023-11-30
Home Health Occupational Therapist,85T - 1L ,Annually,"Carrollton, TX",Glassdoor,2023-11-30
Sheetmetal Estimator,50T - 70T ,Annually,"Fort Worth, TX",Glassdoor,2023-11-30
Armed Security Officer (Part-Time),16.00 Per hour ,Hourly,"Cleburne, TX",Glassdoor,2023-11-30
"Neuro Trauma ICU RN Registered Nurse – Arlington, TX",33.00 - 54.00 Per hour ,Hourly,"Arlington, TX",Glassdoor,2023-11-30
STEM Teacher for Preschool,10.00 - 12.00 Per hour ,Hourly,"Mesquite, TX",Glassdoor,2023-11-30
"Car Hauler , Auto Transport, (MUST HAVE 2 YEARS CAR HAULING EXPERIENCE)",70T - 4L ,Annually,"Fort Worth, TX",Glassdoor,2023-11-30
Physical Therapy Assistant - Dallas,59T - 87T ,Annually,"Dallas, TX",Glassdoor,2023-11-30
Associate Attorney,60T - 70T ,Annually,"Denton, TX",Glassdoor,2023-11-30
Speech Language Pathologist,42.00 - 45.00 Per hour ,Hourly,"Springtown, TX",Glassdoor,2023-11-30
LVN 10p/6a,24.00 - 27.00 Per hour ,Hourly,"Greenville, TX",Glassdoor,2023-11-30
Private Music Teacher - Piano / Voice / Guitar / Drums,30.00 - 40.00 Per hour ,Hourly,"Prosper, TX",Glassdoor,2023-11-30
Private Violin Teacher,50.00 Per hour ,Hourly,"Frisco, TX",Glassdoor,2023-11-30
Social Worker,25.00 - 30.00 Per hour ,Hourly,"Mesquite, TX",Glassdoor,2023-11-30
Occupational Therapist (OT/OTR),40.00 - 45.00 Per hour ,Hourly,"Midlothian, TX",Glassdoor,2023-11-30
Registered Nurse/Licensed Vocational Nurse,27.00 - 34.00 Per hour ,Hourly,"Azle, TX",Glassdoor,2023-11-30
Commercial HVAC Operations Manager,70T - 1L ,Annually,"Red Oak, TX",Glassdoor,2023-11-30
Accounting Assistant/Multifamily,19.00 - 20.00 Per hour ,Hourly,"Dallas, TX",Glassdoor,2023-11-30
Field Marketing Manager,1L - 2L ,Annually,"Dallas, TX",Glassdoor,2023-11-30
Plumbing Service Technician,70T - 90T ,Annually,"Carrollton, TX",Glassdoor,2023-11-30
Journeyman Electrician/ Maintenance Technician,27.00 - 35.00 Per hour ,Hourly,"Plano, TX",Glassdoor,2023-11-30
Palomar Escondido and Poway Emergency Medicine Physician Opportunity!!,230.00 Per hour ,Hourly,United States,Glassdoor,2023-11-30
HR Director,95T - 1L ,Annually,"Terrell, TX",Glassdoor,2023-11-30
Automotive Performance Technician,50T - 70T ,Annually,"McKinney, TX",Glassdoor,2023-11-30
Registered Dietitian,130.00 Per hour ,Hourly,"Dallas, TX",Glassdoor,2023-11-30
ER Nurse- night shift 7p-7a,78T ,Annually,"Dallas, TX",Glassdoor,2023-11-30
Director of Development,80T ,Annually,"Denton, TX",Glassdoor,2023-11-30
Flexologist,22.00 - 24.00 Per hour ,Hourly,"Flower Mound, TX",Glassdoor,2023-11-30
Vestibular Physical Therapist,80T - 1L ,Annually,Dallas-Fort Worth,Glassdoor,2023-11-30
AUTOMOTIVE TECHNICIAN 7YRS EXP MIN,30.00 - 40.00 Per hour ,Hourly,"Allen, TX",Glassdoor,2023-11-30
SR. SQL Server DBA,1L ,Annually,"Irving, TX",Glassdoor,2023-11-30
Registered Dietitian,32.00 - 35.00 Per hour ,Hourly,"Allen, TX",Glassdoor,2023-11-30
Building materials installation and training specialist,56T - 68T ,Annually,Dallas-Fort Worth,Glassdoor,2023-11-30
Join Happier Living! - TX - Psychiatrist - Hybrid/Remote - Texas,3L - 4L ,Annually,Texas,Glassdoor,2023-11-30
Tax Compliance Analyst,56T - 76T ,Annually,"Fort Worth, TX",Glassdoor,2023-11-30
Sales HVAC Technician,16.00 - 28.00 Per hour ,Hourly,"Southlake, TX",Glassdoor,2023-11-30
HVAC Service Tech,22.00 - 40.00 Per hour ,Hourly,Dallas-Fort Worth,Glassdoor,2023-11-30
Auto Body Technician,20.00 - 26.00 Per hour ,Hourly,"Rockwall, TX",Glassdoor,2023-11-30
RN Emergency Room - Direct Hire,62T - 92T ,Annually,"Arlington, TX",Glassdoor,2023-11-30
Licensed Professional Counselor - LPC / LPC-A,45T - 65T ,Annually,"Colleyville, TX",Glassdoor,2023-11-30
"Licensed Professional Counselor (LPC), (LCSW), (LMFT), (LPC ASSOCIATE)",50T - 85T ,Annually,"Bedford, TX",Glassdoor,2023-11-30
Service Electrician - Residential,42T - 60T ,Annually,"Dallas, TX",Glassdoor,2023-11-30
Punch Plumber,18.00 - 26.00 Per hour ,Hourly,"Argyle, TX",Glassdoor,2023-11-30
"RN Pediatrics Super Pool Nights in Dallas, TX",53.00 Per hour ,Hourly,"Dallas, TX",Glassdoor,2023-11-30
Staff Accountant,20.00 - 24.00 Per hour ,Hourly,"Midlothian, TX",Glassdoor,2023-11-30
Tractor Trailer Owner Operators,20T - 35T ,Annually,"Dallas, TX",Glassdoor,2023-11-30
We Pay 90% Load Gross to our Owner Operators,20T ,Annually,"Fort Worth, TX",Glassdoor,2023-11-30
Senior SAP Configuration Specialist,1L ,Annually,"Dallas, TX",Glassdoor,2023-11-30
Full-time Licensed Substance Abuse Therapist,55T - 65T ,Annually,"Dallas, TX",Glassdoor,2023-11-30
Certified Sterile Processing Technician,16.59 - 23.23 Per hour ,Hourly,"Dallas, TX",Glassdoor,2023-11-30
Registered Respiratory Therapist (RRT),29.00 - 41.73 Per hour ,Hourly,"Arlington, TX",Glassdoor,2023-11-30
Water Resources Engineer,67T - 96T ,Annually,"Carrollton, TX",Glassdoor,2023-11-30
Adult Nurse Practitioner,1L ,Annually,"Plano, TX",Glassdoor,2023-11-30
Pediatric Dental Assistant,19.00 - 23.00 Per hour ,Hourly,"Frisco, TX",Glassdoor,2023-11-30
Maintenace Technician with EPA Certification,17.00 Per hour ,Hourly,"Desoto, TX",Glassdoor,2023-11-30
Sr. Accountant,65T - 75T ,Annually,United States,Glassdoor,2023-11-30
PART-TIME Athletics Coach,10.00 - 14.00 Per hour ,Hourly,"Poetry, TX",Glassdoor,2023-11-30
Retail Shops Manager (Zone Manager) - DFW AIRPORT Immediate Hire!,19.00 Per hour ,Hourly,"Dallas, TX",Glassdoor,2023-11-30
"Controller, Healthcare Exp. Required",2L ,Annually,"Decatur, TX",Glassdoor,2023-11-30
Engine & Compressor Mechanic,20.00 - 26.00 Per hour ,Hourly,"Irvington, NJ",Glassdoor,2023-11-30
Structural Engineer,1L ,Annually,"Dallas, TX",Glassdoor,2023-11-30
Lead Sign Installer,25.00 - 35.00 Per hour ,Hourly,"Midlothian, TX",Glassdoor,2023-11-30
Sales Representative,50T ,Annually,"Lancaster, TX",Glassdoor,2023-11-30
Architectural Project Manager,78T - 1L ,Annually,"Carrollton, TX",Glassdoor,2023-11-30
Residential Service Electrician (Journeyman),25.00 - 40.00 Per hour ,Hourly,"Fort Worth, TX",Glassdoor,2023-11-30
Nurse Practitioner or Physicians Assistant,95T - 1L ,Annually,"Fort Worth, TX",Glassdoor,2023-11-30
Journeyman Electrician/Foreman,30.00 - 40.00 Per hour ,Hourly,"Dallas, TX",Glassdoor,2023-11-30
Criminal Defense Attorney / Lawyer at Rapidly Growing Firm,1L ,Annually,"Dallas, TX",Glassdoor,2023-11-30
Crew Member/Baker,12.00 - 15.00 Per hour ,Hourly,"Irving, TX",Glassdoor,2023-11-30
General Manager,55T - 75T ,Annually,"Mansfield, TX",Glassdoor,2023-11-30
Ford Certified Transmission Technician,30.00 - 42.00 Per hour ,Hourly,"Dallas, TX",Glassdoor,2023-11-30
RN Clinical Manager Acute Care,41.00 - 62.00 Per hour ,Hourly,"Arlington, TX",Glassdoor,2023-11-30
Registered Nurse in Labor and Delivery Days Opened Nights ( $6.50 diff),34.00 - 64.80 Per hour ,Hourly,"Arlington, TX",Glassdoor,2023-11-30
BCBA,85T - 1L ,Annually,"Dallas, TX",Glassdoor,2023-11-30
Board Certified Behavior Analyst (BCBA),70T - 75T ,Annually,"Plano, TX",Glassdoor,2023-11-30
Electrical Instructor,60T ,Annually,"Irving, TX",Glassdoor,2023-11-30
HVAC Lead Installer,22.00 - 28.00 Per hour ,Hourly,"Hurst, TX",Glassdoor,2023-11-30
Hospice RN Case Manager - Part Time,38T ,Annually,Dallas-Fort Worth,Glassdoor,2023-11-30
Probate Attorney,60T - 80T ,Annually,Dallas-Fort Worth,Glassdoor,2023-11-30
Assistant Martial Arts Instructor,14.00 - 17.00 Per hour ,Hourly,"Dallas, TX",Glassdoor,2023-11-30
Barber/Stylist,26.00 - 29.00 Per hour ,Hourly,"Godley, TX",Glassdoor,2023-11-30
Aircraft Dispatcher Instructor,50T - 70T ,Annually,"Denton, TX",Glassdoor,2023-11-30
Ford Certified Diesel Technician $55 - $75 Per Hour,55.00 - 75.00 Per hour ,Hourly,"Dallas, TX",Glassdoor,2023-11-30
Assurance Senior,65T - 85T ,Annually,"Dallas, TX",Glassdoor,2023-11-30
Dental Hygienist,55.00 - 70.00 Per hour ,Hourly,Dallas-Fort Worth,Glassdoor,2023-11-30
Litigation Attorney / Trial Lawyer,2L - 3L ,Annually,"Fort Worth, TX",Glassdoor,2023-11-30
Dog Groomer,30T - 65T ,Annually,"Plano, TX",Glassdoor,2023-11-30
Lead Licensed Plumbing Installer,75T - 1L ,Annually,"Dallas, TX",Glassdoor,2023-11-30
Certified Pharmacy Technician (Veterinary Compounding Lab),17.00 - 25.00 Per hour ,Hourly,"Argyle, TX",Glassdoor,2023-11-30
Orthodontic Assistant,17.00 - 25.00 Per hour ,Hourly,"Frisco, TX",Glassdoor,2023-11-30
Minister - Middle School (previous experience preferred),15T - 25T ,Annually,"Rockwall, TX",Glassdoor,2023-11-30
Structural Steel Erection Estimator,55T - 75T ,Annually,"Burleson, TX",Glassdoor,2023-11-30
Bilingual Medical Assistant,17.00 - 19.00 Per hour ,Hourly,"Duncanville, TX",Glassdoor,2023-11-30
"Intraoperative Neuromonitoring Technician San Antonio, TX",70T - 1L ,Annually,United States,Glassdoor,2023-11-30
Technical Accounting Manager,71T - 1L ,Annually,"Fort Worth, TX",Glassdoor,2023-11-30
Nurse Practitioner,50.00 - 64.00 Per hour ,Hourly,"Azle, TX",Glassdoor,2023-11-30
Business Central Specialist,36T - 52T ,Annually,"Irving, TX",Glassdoor,2023-11-30
Physical Therapist Assistant (PTA) - Home Health,25.00 Per hour ,Hourly,"Dallas, TX",Glassdoor,2023-11-30
Private Elementary School & Child Care Center Director,40T - 50T ,Annually,"Irving, TX",Glassdoor,2023-11-30
Arborist for Sales and Marketing,50T - 80T ,Annually,"Fort Worth, TX",Glassdoor,2023-11-30
Regional Director of Stewardship Development - Major Gifts Officer,75T ,Annually,Dallas-Fort Worth,Glassdoor,2023-11-30
Marketing Manager,60T - 90T ,Annually,"Blue Ridge, TX",Glassdoor,2023-11-30
Instructor / Computer Science,15.00 Per hour ,Hourly,"Dallas, TX",Glassdoor,2023-11-30
Top-Notch Dog Groomer,55T - 1L ,Annually,"McKinney, TX",Glassdoor,2023-11-30
Registered Dental Assistant,15.00 - 22.00 Per hour ,Hourly,"Frisco, TX",Glassdoor,2023-11-30
Licensed Massage Therapist,25.00 - 50.00 Per hour ,Hourly,"Waxahachie, TX",Glassdoor,2023-11-30
Interior Design Consultant,55T - 85T ,Annually,"Cedar Hill, TX",Glassdoor,2023-11-30
Certified Flight Instructor (2 Year),30.00 - 40.00 Per hour ,Hourly,"Denton, TX",Glassdoor,2023-11-30
Electrical Engineer (PE ONLY),2L ,Annually,"Fort Worth, TX",Glassdoor,2023-11-30
Speech Language Pathologist,40.00 - 45.00 Per hour ,Hourly,"Greenville, TX",Glassdoor,2023-11-30
Journeyman Electrician/Service Technician,29.00 - 39.00 Per hour ,Hourly,"Justin, TX",Glassdoor,2023-11-30
Development Officer,35T - 40T ,Annually,"Bedford, TX",Glassdoor,2023-11-30
Dimensional Metrology Technician,55T - 80T ,Annually,"Red Oak, TX",Glassdoor,2023-11-30
CNA - Certified Nursing Assistant**SIGN ON BONUS**,16.00 - 18.50 Per hour ,Hourly,"Pilot Point, TX",Glassdoor,2023-11-30
Production Engineering Coordinator,12.00 - 29.00 Per hour ,Hourly,"Fort Worth, TX",Glassdoor,2023-11-30
Licensed Master Plumber,32.00 - 40.00 Per hour ,Hourly,"Weatherford, TX",Glassdoor,2023-11-30
Radiology Technologist RT/CT Technologist,55T - 76T ,Annually,"Fort Worth, TX",Glassdoor,2023-11-30
Lead Technician,25.00 - 50.00 Per hour ,Hourly,"Rowlett, TX",Glassdoor,2023-11-30
Licensed Plumber,28.00 - 33.00 Per hour ,Hourly,"Azle, TX",Glassdoor,2023-11-30
Neuro Trauma ICU RN – Direct Hire,69T - 1L ,Annually,"Arlington, TX",Glassdoor,2023-11-30
Senior Hospice Sales Liaison,1L ,Annually,"Denton, TX",Glassdoor,2023-11-30
Barber / Hair Stylist - Boardroom Plano - Lakeside Market,57T - 92T ,Annually,"Plano, TX",Glassdoor,2023-11-30
Registered Polysomnographic Technologist OR CPSGT,53T - 80T ,Annually,"Plano, TX",Glassdoor,2023-11-30
Nuclear Medicine Technologist,40.00 Per hour ,Hourly,"Fort Worth, TX",Glassdoor,2023-11-30
AP Accountant,60T - 75T ,Annually,Dallas-Fort Worth,Glassdoor,2023-11-30
Simulator & PC Technician,54T - 80T ,Annually,"Irving, TX",Glassdoor,2023-11-30
CT/Radiology Technologist,55T - 1L ,Annually,Dallas-Fort Worth,Glassdoor,2023-11-30
Apartment Maintenance Technician - MAA Bella Casita,39T - 58T ,Annually,"Irving, TX",Glassdoor,2023-11-30
Occupational Therapist,50.00 - 75.00 Per hour ,Hourly,"Waxahachie, TX",Glassdoor,2023-11-30
Cost Accountant,75T - 80T ,Annually,"Richardson, TX",Glassdoor,2023-11-30
Math Tutor,25.00 - 75.00 Per hour ,Hourly,"Southlake, TX",Glassdoor,2023-11-30
Elementary Special Education Teacher,54T - 68T ,Annually,United States,Glassdoor,2023-11-30
Farm Laborer (Sod Farm),15.00 - 17.00 Per hour ,Hourly,"Alvord, TX",Glassdoor,2023-11-30
DFW Area Commercial Coordinator,22.00 Per hour ,Hourly,Dallas-Fort Worth,Glassdoor,2023-11-30
Grant Manager,62T - 77T ,Annually,"Irving, TX",Glassdoor,2023-11-30
Mobile Market Truck Coordinator,24T ,Annually,"Arlington, TX",Glassdoor,2023-11-30
Certified Plumber,25.00 - 30.00 Per hour ,Hourly,"Dallas, TX",Glassdoor,2023-11-30
Hair Stylist / Barber/Cosmetologist,82T ,Annually,"Richardson, TX",Glassdoor,2023-11-30
Head Volleyball Coach,25.00 Per hour ,Hourly,"Plano, TX",Glassdoor,2023-11-30
Assistant Optical Manager,30T - 36T ,Annually,"Dallas, TX",Glassdoor,2023-11-30
"Occupational Therapist, COTA , PTA , PT (Contractor)",50.00 - 75.00 Per hour ,Hourly,"Dallas, TX",Glassdoor,2023-11-30
Registered Dental Assistant (RDA),14.00 - 18.00 Per hour ,Hourly,"Arlington, TX",Glassdoor,2023-11-30
"Sales Associate, Landscaping",16.00 - 20.00 Per hour ,Hourly,"Southlake, TX",Glassdoor,2023-11-30
RDA Or Dental Assistant,16.00 - 20.00 Per hour ,Hourly,"Fort Worth, TX",Glassdoor,2023-11-30
Cardiac Sonographer,50.00 Per hour ,Hourly,Dallas-Fort Worth,Glassdoor,2023-11-30
Professional Care Advocate - Ivoclar,38T - 56T ,Annually,Dallas-Fort Worth,Glassdoor,2023-11-30
Full Charge Bookkeeper (hybrid remote),26.00 - 30.00 Per hour ,Hourly,"Southlake, TX",Glassdoor,2023-11-30
Apprentice Electrician,13.00 - 15.00 Per hour ,Hourly,"Ponder, TX",Glassdoor,2023-11-30
Electrical Service Technician,24.00 - 28.00 Per hour ,Hourly,"Carrollton, TX",Glassdoor,2023-11-30
Warehouse Associate,17.00 Per hour ,Hourly,"Grand Prairie, TX",Glassdoor,2023-11-30
Barber/Stylist,40T - 90T ,Annually,"Westworth Village, TX",Glassdoor,2023-11-30
Maintenance Supervisor,17.00 - 30.00 Per hour ,Hourly,"Irving, TX",Glassdoor,2023-11-30
Experienced Bridal Alterations Specialist,25.00 Per hour ,Hourly,"Dallas, TX",Glassdoor,2023-11-30
Senior Engineer (Controls),1L ,Annually,"Lancaster, TX",Glassdoor,2023-11-30
Physician Assistant (PA-C),85T - 1L ,Annually,"Plano, TX",Glassdoor,2023-11-30
"Occupational Therapist $4,000 Sign On Bonus",70.00 - 110.00 Per hour ,Hourly,"Irving, TX",Glassdoor,2023-11-30
Primary Therapist - Substance Abuse Treatment,60T - 65T ,Annually,"Scurry, TX",Glassdoor,2023-11-30
Certified Personal Trainer at Elite Private Studio,18.00 - 24.00 Per hour ,Hourly,"Plano, TX",Glassdoor,2023-11-30
Preschool Director,34T - 50T ,Annually,"Desoto, TX",Glassdoor,2023-11-30
Audiologist / Hearing Instrument Specialist ***SIGN ON/RELOCATION BONUS***,75T - 1L ,Annually,Texas,Glassdoor,2023-11-30
Case Manager/Negotiator,14.00 - 17.00 Per hour ,Hourly,"Arlington, TX",Glassdoor,2023-11-30
"Clinical Supervisor, BCBA or BCaBA",75T ,Annually,"Plano, TX",Glassdoor,2023-11-30
Licensed Vocational Nurse,25.00 Per hour ,Hourly,"Grand Prairie, TX",Glassdoor,2023-11-30
"Legal Coordinator - Irving, TX",25.00 Per hour ,Hourly,"Irving, TX",Glassdoor,2023-11-30
Medical Assistant/Clinical Assistant,36T - 55T ,Annually,"Lewisville, TX",Glassdoor,2023-11-30
Dental Assistant (RDA),17.00 - 25.00 Per hour ,Hourly,"Rowlett, TX",Glassdoor,2023-11-30
MRO Lead Technician,50T - 65T ,Annually,"Allen, TX",Glassdoor,2023-11-30
Operating Room Nurse,71T - 1L ,Annually,"Plano, TX",Glassdoor,2023-11-30
Aerospace Mil-Spec Painter,18.00 - 30.00 Per hour ,Hourly,"Arlington, TX",Glassdoor,2023-11-30
Biology Teacher Part Time MWF,29T - 33T ,Annually,"Dallas, TX",Glassdoor,2023-11-30
Tool and Die Maker,33.00 - 34.00 Per hour ,Hourly,"Dallas, TX",Glassdoor,2023-11-30
Air Quality Specialist,70T - 95T ,Annually,"Dallas, TX",Glassdoor,2023-11-30
Sales Engineer (Bilingual in English and Spanish and English Only),55T - 65T ,Annually,"Garland, TX",Glassdoor,2023-11-30
B2B Mattress Sales Territory Rep (1099 Contractor),24T - 1L ,Annually,Dallas-Fort Worth,Glassdoor,2023-11-30
"Maintenance Tech (GARLAND, TX)",16.00 Per hour ,Hourly,"Garland, TX",Glassdoor,2023-11-30
Freelance 3D Animator Generalist,50T - 60T ,Annually,"Plano, TX",Glassdoor,2023-11-30
Director of school,45T - 55T ,Annually,"Fort Worth, TX",Glassdoor,2023-11-30
Physical Therapist Assistant,43.00 Per hour ,Hourly,"Garland, TX",Glassdoor,2023-11-30
A&P Mechanic (Fri Through Mon Shift) $35/hr IA $40/hr,73T - 83T ,Annually,"Denton, TX",Glassdoor,2023-11-30
"Licensed Professional Counselor (LPC, LCSW, LMFT) - Frisco",65T - 1L ,Annually,"Frisco, TX",Glassdoor,2023-11-30
Board Certified Behavior Analyst (BCBA/BCaBA),70T - 82T ,Annually,United States,Glassdoor,2023-11-30
Registered Dental Hygienist,38.00 - 47.00 Per hour ,Hourly,"Richardson, TX",Glassdoor,2023-11-30
Home Health Occupational Therapist,85T - 1L ,Annually,"Dallas, TX",Glassdoor,2023-11-30
Sheetmetal Estimator,50T - 70T ,Annually,"Fort Worth, TX",Glassdoor,2023-11-30
Home Health Physical Therapist,85T - 1L ,Annually,"Crowley, TX",Glassdoor,2023-11-30
Physical Therapist - Pediatric Outpatient Clinic,70T - 85T ,Annually,"Richardson, TX",Glassdoor,2023-11-30
Licensed Real Estate Agent - 100% commission - NO monthly fees!,2L ,Annually,"Richardson, TX",Glassdoor,2023-11-30
Massage Therapist,23.00 - 25.00 Per hour ,Hourly,"Southlake, TX",Glassdoor,2023-11-30
Outside Sales Representative / Fluent English and Spanish,3T ,Annually,Dallas-Fort Worth,Glassdoor,2023-11-30
Director of Nursing,80T ,Annually,"Irving, TX",Glassdoor,2023-11-30
LVN Charge Nurse (Double Weekend),28.00 - 32.00 Per hour ,Hourly,"Midlothian, TX",Glassdoor,2023-11-30
Physician,110.00 Per hour ,Hourly,"Dallas, TX",Glassdoor,2023-11-30
HVAC Commercial Technician,38.00 - 42.00 Per hour ,Hourly,"Richardson, TX",Glassdoor,2023-11-30
District Sales Manager,35T - 40T ,Annually,"Plano, TX",Glassdoor,2023-11-30
Payroll Clerk,16.00 - 18.00 Per hour ,Hourly,"Fort Worth, TX",Glassdoor,2023-11-30
Heavy Equipment Technician,17.50 - 24.50 Per hour ,Hourly,"Richardson, TX",Glassdoor,2023-11-30
Interventional Neurologist,4L - 6L ,Annually,United States,Glassdoor,2023-11-30
New Home Sales Representative,34T - 43T ,Annually,"Weatherford, TX",Glassdoor,2023-11-30
Utility Staff,33T - 45T ,Annually,"Southlake, TX",Glassdoor,2023-11-30
Fleet Mechanic,18.00 - 25.00 Per hour ,Hourly,"Dallas, TX",Glassdoor,2023-11-30
Ophthalmic Technician,17.00 - 23.00 Per hour ,Hourly,"Irving, TX",Glassdoor,2023-11-30
Vice President of Sales and Marketing,65T - 2L ,Annually,"Dallas, TX",Glassdoor,2023-11-30
Children's Ministry Director,22T - 25T ,Annually,"McKinney, TX",Glassdoor,2023-11-30
Physical Therapy Assistant - Dallas,59T - 87T ,Annually,"Dallas, TX",Glassdoor,2023-11-30
Hygienist-Cedar Hill,1L ,Annually,"Cedar Hill, TX",Glassdoor,2023-11-30
Insurance Customer Service Representative,19.50 - 21.50 Per hour ,Hourly,"Weatherford, TX",Glassdoor,2023-11-30
Sales Executive,84T - 2L ,Annually,"Southlake, TX",Glassdoor,2023-11-30
Residential & Commercial Access Control & Security Systems Technician,25.00 - 35.00 Per hour ,Hourly,"Dallas, TX",Glassdoor,2023-11-30
Primary Care Physician,2L ,Annually,"Southlake, TX",Glassdoor,2023-11-30
In-Home Sales Associate,1L - 2L ,Annually,"Dallas, TX",Glassdoor,2023-11-30
MOTORCYCLE / POWERSORTS SERVICE WRITER,39T - 47T ,Annually,"Rockwall, TX",Glassdoor,2023-11-30
Dental Hygienist - Full Time,45.00 - 50.00 Per hour ,Hourly,"Carrollton, TX",Glassdoor,2023-11-30
Warehouse Zone Manager (Entry Level Supervisor) - DFW - Immediate Hire!,19.00 Per hour ,Hourly,"Dallas, TX",Glassdoor,2023-11-30
Bookkeeper,23.00 - 27.00 Per hour ,Hourly,"Irving, TX",Glassdoor,2023-11-30
Emergency Medical Technician (EMT),17.00 - 20.00 Per hour ,Hourly,"Plano, TX",Glassdoor,2023-11-30
Nail Technician,16.00 - 30.00 Per hour ,Hourly,"Dallas, TX",Glassdoor,2023-11-30
Turf and Plant Health Care Manager,60T - 75T ,Annually,"Dallas, TX",Glassdoor,2023-11-30
Compensation Analyst,33T - 37T ,Annually,"Fort Worth, TX",Glassdoor,2023-11-30
MDS Coordinator - Long-Term Care,32.00 - 38.00 Per hour ,Hourly,"Richardson, TX",Glassdoor,2023-11-30
General Dentist,1L - 3L ,Annually,"Desoto, TX",Glassdoor,2023-11-30
ENGINEERING MANAGER,1L - 2L ,Annually,"Hurst, TX",Glassdoor,2023-11-30
Fleet Mechanic,25.00 - 30.00 Per hour ,Hourly,"Dallas, TX",Glassdoor,2023-11-30
MRO Lead Technician,50T - 65T ,Annually,"Allen, TX",Glassdoor,2023-11-30
Daycare Preschool Teachers & Assistants,13.00 - 20.00 Per hour ,Hourly,"Irving, TX",Glassdoor,2023-11-30
Registered Dental Hygienist- Full Time,50.00 - 55.00 Per hour ,Hourly,"Murphy, TX",Glassdoor,2023-11-30
Inside Sales Representative,50T - 85T ,Annually,"Hutchins, TX",Glassdoor,2023-11-30
Residential Service Electrician with Sales Focus,25.00 - 31.00 Per hour ,Hourly,"Dallas, TX",Glassdoor,2023-11-30
Financial Controller,1L ,Annually,"Fort Worth, TX",Glassdoor,2023-11-30
Associate Attorney,1L - 2L ,Annually,"Dallas, TX",Glassdoor,2023-11-30
"Diesel Mechanic (Commerce, Tx)",45T - 68T ,Annually,"Sherman, TX",Glassdoor,2023-11-30
Wellness Assistant,13.50 - 16.50 Per hour ,Hourly,"Fort Worth, TX",Glassdoor,2023-11-30
"Experienced Plaintiff Trial Attorney up to $200,000 & Commission",2L ,Annually,"Irving, TX",Glassdoor,2023-11-30
Production Worker - Honey Bottler & Packer,13.50 - 15.50 Per hour ,Hourly,"Blue Ridge, TX",Glassdoor,2023-11-30
Automotive Mechanic ALL LINES,24.00 - 47.00 Per hour ,Hourly,"Van Alstyne, TX",Glassdoor,2023-11-30
RN Case Manager Hospice- Full Time,63T - 85T ,Annually,"Irving, TX",Glassdoor,2023-11-30
Veterinary Surgical Technician,18.00 - 24.00 Per hour ,Hourly,United States,Glassdoor,2023-11-30
Physical Therapy Assistant (PTA) - Home Health,34T - 52T ,Annually,"Allen, TX",Glassdoor,2023-11-30
Home Assistant,30T - 48T ,Annually,"Dallas, TX",Glassdoor,2023-11-30
Licensed Real Estate Agent,50T - 3L ,Annually,Dallas-Fort Worth,Glassdoor,2023-11-30
Metrocrest Services Mobile Pantry and Volunteer Coordinators,1T ,Annually,"Carrollton, TX",Glassdoor,2023-11-30
Woodworking Teacher & Camp Counselor - Summer 2024 in New Hampshire,1T - 2T ,Annually,Texas,Glassdoor,2023-11-30
Licensed Insurance Representative with Independent Agency Experience,15.00 - 21.00 Per hour ,Hourly,"Forney, TX",Glassdoor,2023-11-30
"Biology, Chemistry, Physics Science Tutor - One on One Sessions",25.00 - 75.00 Per hour ,Hourly,"Southlake, TX",Glassdoor,2023-11-30
Sit down and stand up reach forklift,18.00 Per hour ,Hourly,"Arlington, TX",Glassdoor,2023-11-30
Residential Roofing Sales Representative,70T - 2L ,Annually,"Flower Mound, TX",Glassdoor,2023-11-30
Bench Jeweler !!IMMEDIATE OPENING!!,18.00 - 25.00 Per hour ,Hourly,"Dallas, TX",Glassdoor,2023-11-30
Grading Foreman,82T - 96T ,Annually,"Ennis, TX",Glassdoor,2023-11-30
RN Field Nurse,31.00 - 36.00 Per hour ,Hourly,"McKinney, TX",Glassdoor,2023-11-30
"Construction Grading Operator, Supervisor / Equipment Hauler",30.00 - 50.00 Per hour ,Hourly,Dallas-Fort Worth,Glassdoor,2023-11-30
"Orthodontic Assistant (bilingual-Spanish, local travel required)",21.00 - 23.00 Per hour ,Hourly,Dallas-Fort Worth,Glassdoor,2023-11-30
Journeyman Electrician,31.00 - 40.00 Per hour ,Hourly,"Celina, TX",Glassdoor,2023-11-30
Clinical Child Psychiatrist (Adolescent),1L - 2L ,Annually,"Garland, TX",Glassdoor,2023-11-30
Sales Representative,40T - 90T ,Annually,"Rockwall, TX",Glassdoor,2023-11-30
Outside Sales Representative,52T - 1L ,Annually,"Irving, TX",Glassdoor,2023-11-30
Advanced Practice Provider,1L ,Annually,"Sherman, TX",Glassdoor,2023-11-30
Part-time Nurse Practitioner,47.00 Per hour ,Hourly,"Little Elm, TX",Glassdoor,2023-11-30
Layout Technician,16.00 - 19.00 Per hour ,Hourly,"Plano, TX",Glassdoor,2023-11-30
Licensed Physical Therapist (PT),7T - 8T ,Annually,"Hillsboro, TX",Glassdoor,2023-11-30
Supply Chain Manager,1L ,Annually,"Fort Worth, TX",Glassdoor,2023-11-30
Massage Therapist,23.00 - 25.00 Per hour ,Hourly,"Southlake, TX",Glassdoor,2023-11-30
Board Certified Behavior Analyst (BCBA) - *Hiring Bonus Eligible!*,35T - 48T ,Annually,"Farmers Branch, TX",Glassdoor,2023-11-30
Certified Pharmacy Technician,18.00 Per hour ,Hourly,"Plano, TX",Glassdoor,2023-11-30
Home Health Physical Therapist,70T - 80T ,Annually,Dallas-Fort Worth,Glassdoor,2023-11-30
LVN **SIGN ON BONUS**,24.00 Per hour ,Hourly,"Pilot Point, TX",Glassdoor,2023-11-30
Vice President of Engineering,2L ,Annually,"Fort Worth, TX",Glassdoor,2023-11-30
HVAC Service Technician,25.00 - 40.00 Per hour ,Hourly,"Irving, TX",Glassdoor,2023-11-30
Collision Center Experienced Mechanic,22.00 - 36.00 Per hour ,Hourly,"Mesquite, TX",Glassdoor,2023-11-30
Pediatric Physician Assistant,60T ,Annually,"Dallas, TX",Glassdoor,2023-11-30
Apartment Maintenance Supervisor - MAA Bella Casita,47T - 67T ,Annually,"Irving, TX",Glassdoor,2023-11-30
"LITIGATION INTAKE ASSOCIATE ATTORNEY $100,000 Plus Commission",1L ,Annually,"Irving, TX",Glassdoor,2023-11-30
Embryologist - Senior,53T - 2L ,Annually,"Frisco, TX",Glassdoor,2023-11-30
General Dentist,2L - 4L ,Annually,"Grand Prairie, TX",Glassdoor,2023-11-30
Bilingual Tax Preparation Specialist (Preparador de impuestos bilingüe),17.00 - 18.00 Per hour ,Hourly,"Dallas, TX",Glassdoor,2023-11-30
Advanced Practice Registered Nurse (APRN),1L ,Annually,"Irving, TX",Glassdoor,2023-11-30
Certified Nurse Aide,13.00 - 17.00 Per hour ,Hourly,"Azle, TX",Glassdoor,2023-11-30
CT Tech-Full Time,47.43 Per hour ,Hourly,"Plano, TX",Glassdoor,2023-11-30
"Owner Operators - Intermodal - Earn up to $250,000/yr",2L - 3L ,Annually,Dallas-Fort Worth,Glassdoor,2023-11-30
Barista Staff Boba Bubble Tea,9.50 - 10.50 Per hour ,Hourly,"Southlake, TX",Glassdoor,2023-11-30
Pharmacy Tech /Trainee,14.00 - 18.00 Per hour ,Hourly,"Anna, TX",Glassdoor,2023-11-30
"Registered Nurse (RN) Emergency Department in Dallas, Texas",33.00 - 54.00 Per hour ,Hourly,"Dallas, TX",Glassdoor,2023-11-30
Bilingual Family Therapist,63T ,Annually,"Dallas, TX",Glassdoor,2023-11-30
Certified Personal Trainer,15.00 - 20.00 Per hour ,Hourly,"Fort Worth, TX",Glassdoor,2023-11-30
Hiring Licensed Plumbing Technician: Apprentice,16.00 - 20.00 Per hour ,Hourly,"Dallas, TX",Glassdoor,2023-11-30
Physical Therapy Assistant - Dallas,59T - 87T ,Annually,"Dallas, TX",Glassdoor,2023-11-30
"Military Service - U.S. Air National Guard, Client Systems Specialist",34T ,Annually,United States,Glassdoor,2023-11-30
Early Education/Preschool Assistant Director,35T - 40T ,Annually,"Sherman, TX",Glassdoor,2023-11-30
Heavy Equipment Service Technician,23.15 Per hour ,Hourly,"Irving, TX",Glassdoor,2023-11-30
Lead Automotive Diesel Technician,45.00 - 60.00 Per hour ,Hourly,"Denton, TX",Glassdoor,2023-11-30
Neuro Trauma ICU RN,33.00 - 54.00 Per hour ,Hourly,"Arlington, TX",Glassdoor,2023-11-30
HR Shared Services Representative,24.00 - 26.00 Per hour ,Hourly,"Grand Prairie, TX",Glassdoor,2023-11-30
Auto Body Technician,62T - 83T ,Annually,"Balch Springs, TX",Glassdoor,2023-11-30
Gymnastics Instructor,12.00 - 18.00 Per hour ,Hourly,"Southlake, TX",Glassdoor,2023-11-30
Collaborating Physician,250.00 Per hour ,Hourly,Texas,Glassdoor,2023-11-30
Certified Occupational Therapy Assistant,40.00 - 60.00 Per hour ,Hourly,"Dallas, TX",Glassdoor,2023-11-30
Dance Instructor,15.00 - 25.00 Per hour ,Hourly,"Decatur, TX",Glassdoor,2023-11-30
Paralegal,35T - 55T ,Annually,"Granbury, TX",Glassdoor,2023-11-30
Dental Treatment Coordinator,35T - 48T ,Annually,"Greenville, TX",Glassdoor,2023-11-30
Electrical Apprentice with Sales Experience,25.00 - 31.00 Per hour ,Hourly,"Rowlett, TX",Glassdoor,2023-11-30
Water Mitigation Specialist,60T - 80T ,Annually,Dallas-Fort Worth,Glassdoor,2023-11-30
"Plumbing Project Manager, Weekends",65T - 98T ,Annually,"Dallas, TX",Glassdoor,2023-11-30
Commercial HVAC Technician,25.00 - 40.00 Per hour ,Hourly,Dallas-Fort Worth,Glassdoor,2023-11-30
"Accounting Assistant ""1 Year Experience""",22.00 Per hour ,Hourly,"Carrollton, TX",Glassdoor,2023-11-30
Nuclear Medicine Technologist,40.00 - 45.00 Per hour ,Hourly,Dallas-Fort Worth,Glassdoor,2023-11-30
FT Sales Associate,17.00 - 18.00 Per hour ,Hourly,"Frisco, TX",Glassdoor,2023-11-30
Owner Operator CDL A FLATBED 1099,2L - 4L ,Annually,"Hillsboro, TX",Glassdoor,2023-11-30
Senior Proposal Coordinator,50T - 75T ,Annually,"Dallas, TX",Glassdoor,2023-11-30
Telehealth Opportunity - Texas Licensed Neurologists,150.00 Per hour ,Hourly,Texas,Glassdoor,2023-11-30
Field Canvasser,14.00 Per hour ,Hourly,"Grapevine, TX",Glassdoor,2023-11-30
Purchasing Agent,40T ,Annually,"Dallas, TX",Glassdoor,2023-11-30
Electrical Project Manager,64T - 97T ,Annually,"Irving, TX",Glassdoor,2023-11-30
Sheetmetal Estimator,50T - 70T ,Annually,"Fort Worth, TX",Glassdoor,2023-11-30
Hygienist-Cedar Hill,1L ,Annually,"Cedar Hill, TX",Glassdoor,2023-11-30
Quality Control Manager- Concrete,70T - 80T ,Annually,"Royse City, TX",Glassdoor,2023-11-30
Experienced CNC Router Operator,14.00 - 20.00 Per hour ,Hourly,"Dallas, TX",Glassdoor,2023-11-30
PT / PTA / OT / COTA / ST Needed!,80T - 1L ,Annually,"Irving, TX",Glassdoor,2023-11-30
Experienced Glassblower,35T - 48T ,Annually,"Grapevine, TX",Glassdoor,2023-11-30
Hiring Part Time Math and English Tutors,15.00 - 18.00 Per hour ,Hourly,"Frisco, TX",Glassdoor,2023-11-30
Automotive Repair Technician,20.00 - 35.00 Per hour ,Hourly,"Fort Worth, TX",Glassdoor,2023-11-30
Comfort Consultant,18.00 - 19.00 Per hour ,Hourly,"Richardson, TX",Glassdoor,2023-11-30
Office Manager/Bookkeeper,18.00 Per hour ,Hourly,"Garland, TX",Glassdoor,2023-11-30
Dentist,4L - 5L ,Annually,Texas,Glassdoor,2023-11-30
Landscape/Irrigation Construction Project Manager,65T - 80T ,Annually,"Granbury, TX",Glassdoor,2023-11-30
Emergency Medicine Physician Assistant,85.00 - 95.00 Per hour ,Hourly,"Aubrey, TX",Glassdoor,2023-11-30
Community Living Support (Denton County),20.00 - 24.00 Per hour ,Hourly,"Flower Mound, TX",Glassdoor,2023-11-30
Physical Therapy Assistant,48T - 70T ,Annually,"Dallas, TX",Glassdoor,2023-11-30
Plumbing Instructor,30.00 - 40.00 Per hour ,Hourly,"Dallas, TX",Glassdoor,2023-11-30
Staff Accountant,45T - 65T ,Annually,"Irving, TX",Glassdoor,2023-11-30
"Clinical Nurse Manager- Tele, PCU, Neuro, Ortho Dept. Openings M-F!!",40.00 - 56.00 Per hour ,Hourly,"Fort Worth, TX",Glassdoor,2023-11-30
Certified Welding Inspector,26.00 - 32.00 Per hour ,Hourly,"Dallas, TX",Glassdoor,2023-11-30
Maintence Technician,18.00 - 30.00 Per hour ,Hourly,"Arlington, TX",Glassdoor,2023-11-30
Interior Designer (CAD/Technical),42T - 48T ,Annually,"Fort Worth, TX",Glassdoor,2023-11-30
Cath Lab Technologist,50.00 Per hour ,Hourly,"McKinney, TX",Glassdoor,2023-11-30
Counter Sales Representative- Must have Plumbing Experience,17.00 - 19.00 Per hour ,Hourly,"Arlington, TX",Glassdoor,2023-11-30
PDU and Disconnect Builder,10.00 - 15.00 Per hour ,Hourly,"Kemp, TX",Glassdoor,2023-11-30
Salesforce Developer,1L ,Annually,"McKinney, TX",Glassdoor,2023-11-30
Double Weekend Staff Nurse,25.00 - 32.00 Per hour ,Hourly,"Rowlett, TX",Glassdoor,2023-11-30
Sales Development Representative,50T - 60T ,Annually,"Allen, TX",Glassdoor,2023-11-30
Patent Prosecution Paralegal,51T - 75T ,Annually,"Dallas, TX",Glassdoor,2023-11-30
